"File","Coder","Coded","Id","Codename","Coded_Memo","Category"
"Grupo 11 - Pobres - Misto - DIreita - 25-11-2024.docx","Ingrid","P1: Um termo bom... Você falou que dinheiro não compra saúde. A minha mãe, ela operou recentemente, assim, tem mais ou menos uns 5 anos atrás que a minha mãe operou. O que aconteceu com ela? A minha mãe saiu do Rio, fomos a São Paulo para fazer a cirurgia dela. Não passamos pelo hospital público direto, nós passamos pelo particular e do particular ela foi encaminhada para o público. A minha mãe fez uma cirurgia de quase 100 mil reais de graça. Por que? Pelo público.","ctid:1824","Experiência","","8 Referências"
"Grupo 11 - Pobres - Misto - DIreita - 25-11-2024.docx","Ingrid","P7: Quando você entra numa loja. Quando você entra numa loja, você vê por ali o tipo de tratamento. Você chegar… A pessoa posturada, na beca, tal, aí o vendedor já te… Dependendo do vendedor, tem vendedor… Eu já fui vendedora. Que te olha com um olhar mais [inc.]. Eu sou muito comunicativa, sempre fui, então, tipo, eu trato todo mundo sem diferença. Do rico ao pobre. Então… Mas tem vendedores que não existe disso, entendeu? Você chega em uma loja e eles te olham tipo assim: “Ah, ela não vai comprar nada”. Você pode estar com o cartão emprestado, mas você vai comprar, você não sabe... //","ctid:1832","Experiência","","8 Referências"
"Grupo 11 - Pobres - Misto - DIreita - 25-11-2024.docx","Ingrid","P7: Já aconteceu isso comigo. Eu fui comprar um celular e tipo eu tava… Saí do trabalho, fui correndo, eu e meu ex-marido. A gente chegou lá, tipo, a mulher chegou e tratou a gente com a maior indiferença. Eu tava com muita dúvida no celular, aí eu: “Não, eu queria ver esse. Mas esse aqui tem o que de diferente desse?”. E a mulher cagando para a gente. Aí um outro vendedor viu que a gente tava lá ainda... Aí eu não ia levar daquela loja, mas o outro vendedor veio e teve muito... //","ctid:1833","Experiência","","8 Referências"
"Grupo 11 - Pobres - Misto - DIreita - 25-11-2024.docx","Ingrid","P7: // Aí eu fui lá… Aí meu ex-marido falou assim: “Vai levar daqui?”. Eu falei: “Não, vamos levar daqui, ela foi tão legal, né, foi tão cortês.” Tipo, foi lá, pegou, fez, aconteceu.","ctid:1834","Experiência","","8 Referências"
"Grupo 11 - Pobres - Misto - DIreita - 25-11-2024.docx","Ingrid","P2: Mas aí eu acho que não tem nada a ver com riqueza essa questão de tratamento e atendimento. Eu trabalho em eventos e para gente da sociedade e tal, pontos bem localizados, e todos eles são tratados da mesma forma, entendeu? Eu acho que a questão de tratar um cliente de maneira diferente, por achar que ele tem um poder de compra maior, é um erro de quem tá fazendo. Do atendente. Não é do cara rico. O cara rico, ele vai chegar… Muitas das vezes ele vai te dar um bom dia ou não vai como um cara pobre, né. Isso aí já é a educação dele, entendeu? Acho que não é…","ctid:1837","Experiência","","8 Referências"
"Grupo 11 - Pobres - Misto - DIreita - 25-11-2024.docx","Ingrid","P4: // Não. Eu penso… Eu sou CLT e eu trabalho com duas coisas... //","ctid:1841","Experiência","","8 Referências"
"Grupo 11 - Pobres - Misto - DIreita - 25-11-2024.docx","Ingrid","P4: // Eu trabalho com dois tipos de trabalhos diferentes. Eu trabalho de CLT, que eu sou comandada por uma dona. E trabalho por minha conta que é o que a gente estava falando, tenho que trabalhar muito mais porque é o meu negócio. Quando você trabalha para alguém, esse alguém, no meu caso, ela veio da Alemanha, é uma pessoa que nasceu em berço de ouro. Então ali eu vejo que, infelizmente, tem a diferença... As pessoas que vem de berço de ouro. Tem umas que te tratam bem e tem outras que aproveitam, por ser dona do próprio negócio, para impor algumas coisas para o funcionário. E aí o funcionário, alguns, são topetudos e vão encarar, vão bater de frente. Outros não. Outros vão se submeter a falar sim para aquilo ali porque aquela pessoa tem mais poder financeiro que ela. E tem medo de ficar desempregado e não poder pagar aluguel, não poder cuidar dos filhos... //","ctid:1842","Experiência","","8 Referências"
"Grupo 11 - Pobres - Misto - DIreita - 25-11-2024.docx","Ingrid","P4: // A verdade é que hoje em dia às vezes uma pessoa só tem uma renda. Então ela nunca vai bater de frente com aquela pessoa que tá pagando a renda dela. Entendeu? Então são… Eu vivi isso, por isso que tô falando. Eu fui a única numa empresa, numa clínica, que batia de frente com [inc.]. Mas aí não é todo mundo. As pessoas… Elas falaram para mim: “Eu tenho medo, não vou fazer isso”.","ctid:1843","Experiência","","8 Referências"
"Grupo 11 - Pobres - Misto - DIreita - 25-11-2024.docx","Ingrid","P4: Não, eu digo assim, ele falou para expor. Eu, no meu caso, a minha experiência é com uma pessoa que tem uma grana, nasceu num berço de ouro, veio da Alemanha… Então, assim, para mim ela usa isso… //","ctid:1844","Experiência","","8 Referências"
"Grupo 11 - Pobres - Misto - DIreita - 25-11-2024.docx","Ingrid","P3: Então, em lugares. Eu já viajei muito, então já conheci diversos tipos de pessoas. Então… Não dá para você, pôr uma determinada classe, você trancar ela em determinado… Em determinada sala. É bem… É muito mais expansivo que isso. ","ctid:1845","Experiência","","8 Referências"
"Grupo 11 - Pobres - Misto - DIreita - 25-11-2024.docx","Ingrid","P1: Para o rico, só que agora todo mundo tá usando. Porque… Essa semana agora eu e minha filha  fomos pro Theatro Municipal. Eu fui assistir lá uma peça, é... Orquestra mais ópera. Uma peça de uma protagonista russaca, que é Russo, eu assisti. Quer dizer, eu não sou milionária, não sou rica, mas eu tava no Theatro Municipal.","ctid:1860","Experiência","","8 Referências"
"Grupo 11 - Pobres - Misto - DIreita - 25-11-2024.docx","Ingrid","P1: Eu tava ali em cima, mas ainda quero ir pra plateia! [Risos]","ctid:1862","Experiência","","8 Referências"
"Grupo 11 - Pobres - Misto - DIreita - 25-11-2024.docx","Ingrid","P1: É, mas eu consegui.","ctid:1864","Experiência","","8 Referências"
"Grupo 11 - Pobres - Misto - DIreita - 25-11-2024.docx","Ingrid","P1: Eu paguei 10 reais. [Risos]","ctid:1863","Experiência","","8 Referências"
"Grupo 11 - Pobres - Misto - DIreita - 25-11-2024.docx","Ingrid","P5: Existe… Existem projetos em que você ganha ingresso ou paga mais barato. Ontem eu fui assistir uma obra também, é… 15 reais o ingresso mais barato. A produção não é para 15 reais. Então aquilo ali tem toda uma questão de incentivo da prefeitura, governo e tal. Mas é um espetáculo que… Não é para todo mundo.","ctid:1865","Experiência","","8 Referências"
"Grupo 11 - Pobres - Misto - DIreita - 25-11-2024.docx","Ingrid","P7: Eu moro em comunidade, né, moro ali na Maré. E tipo assim, é bem… Na minha esquina tem um baile, na esquina onde eu moro, né. Então o que eu vejo de garotas, tipo assim, de padrão de vida...","ctid:1890","Experiência","","8 Referências"
"Grupo 11 - Pobres - Misto - DIreita - 25-11-2024.docx","Ingrid","P7: Elas se deslocam daqui da Zona Sul pra ir pra comunidade. Eu fico passada! Porque eu levanto, aí vou pra porta [inc.], então elas ficam passando assim na rua. “Não, porque eu tenho que ir”. Assim, a conversa delas, sabe, até o jeito de falar, você vê que não é uma pessoa favelada. Entendeu? Você vê que o padrão de vida da pessoa é… //","ctid:1895","Experiência","","8 Referências"
"Grupo 11 - Pobres - Misto - DIreita - 25-11-2024.docx","Ingrid","P7: Isso. E tipo assim, como eu moro em comunidade, né, moro em favela, a gente sabe diferenciar...","ctid:1898","Experiência","","8 Referências"
"Grupo 11 - Pobres - Misto - DIreita - 25-11-2024.docx","Ingrid","P5: Eu precisei fazer um tratamento de um tumor que eu tive. Eu tive a sorte de conseguir um plano de saúde, mas o início do meu tratamento foi no SUS. Demorou muito tempo, quase o mesmo tempo de carência do plano, para eu conseguir fazer o exame. Que era o [inc.].","ctid:1934","Experiência","","8 Referências"
"Grupo 11 - Pobres - Misto - DIreita - 25-11-2024.docx","Ingrid","P5: Agora pode. Tem planos. Vamos dizer que… Há 15 anos atrás, quando eu tive um problema, não consegui resolver.","ctid:1935","Experiência","","8 Referências"
"Grupo 11 - Pobres - Misto - DIreita - 25-11-2024.docx","Ingrid","P7: // Depende do valor. Assim, meu pai me deu uma casa. Eu moro em uma comunidade, como já falei. Aí lá tem questão de associação de moradores, né. Porque não tem negócio de… Meu pai é certo, ele paga o IPTU, mas só que dentro da comunidade você não é dono de nada. Eu fui lá na associação… O meu pai me deu a casa! Eu tô falando porque isso existe dentro da comunidade. Meu pai me deu a casa e aí quando cheguei lá… Aí eu fui e falei com o responsável da associação. “Não, porque eu queria fazer”, [inc.] com meu irmão, “A gente quer fazer dois documentos para poder desmembrar a casa”... //","ctid:1941","Experiência","","8 Referências"
"Grupo 11 - Pobres - Misto - DIreita - 25-11-2024.docx","Ingrid","P7: // É, um pra cada um. “Então você vai ter que pagar 700 reais em cada documento”. “Como assim? Eu ganhei a casa! Eu não tô comprando”. Porque geralmente quem faz isso é quem tá comprando. “Não, mas mesmo assim”. Aí eu: “Não, isso não tá certo”. Até hoje a casa não foi para o meu nome.","ctid:1942","Experiência","","8 Referências"
"Grupo 11 - Pobres - Misto - DIreita - 25-11-2024.docx","Ingrid","P4: Eu trabalhava com moradores de rua.","ctid:1944","Experiência","","8 Referências"
"Grupo 11 - Pobres - Misto - DIreita - 25-11-2024.docx","Ingrid","P4: Gente, eu dei um cobertor e um papel higiênico e a moradora chegou perto de mim e perguntou: “Eu posso te dar um abraço?”. Gente… Não tem preço. Não tem preço! Você chegar e a pessoa ter medo de encostar em você porque ela mora na rua, sabe? Então a pessoa quando faz, na maioria das vezes, é de coração.","ctid:1945","Experiência","","8 Referências"
"Grupo 11 - Pobres - Misto - DIreita - 25-11-2024.docx","Ingrid","P4: Aí. Tá vendo, gente. Eu fiz isso! A minha filha se formou psicóloga com eu vendendo doces [inc.] ","ctid:1948","Experiência","","8 Referências"
"Grupo 11 - Pobres - Misto - DIreita - 25-11-2024.docx","Ingrid","P8: Eu tenho um amigo meu negão, preto, preto, preto, riquíssimo.","ctid:1950","Experiência","","8 Referências"
"Grupo 11 - Pobres - Misto - DIreita - 25-11-2024.docx","Ingrid","P2: Pela minha vivência. Eu trabalho em vários lugares para a sociedade, eu só tenho cliente branco.","ctid:1949","Experiência","","8 Referências"
"Grupo 6 - Classe Média - Misto - 05-11-2024.docx","Ingrid","P8: Existe o acumulador de recursos, que para mim eu não considero um rico, mas também existe aquela pessoa que... Eu participo de um grupo, em um aplicativo chamado CouchSurfing, não sei se alguém já ouviu falar.   M: De hospedagem?  P8: De hospedagem. Então, assim, eu tenho recursos para poder alugar um hotel, para poder alugar um hostel, mas eu prefiro utilizar uma plataforma para poder conhecer pessoas, né? E eu vejo que quando... Nunca... Pouco eu utilizo hotel ou hostel, eu prefiro utilizar a plataforma. E todas as vezes... Eu encontro pessoas de todos os níveis. Pessoas que não têm nada, que só podem me oferecer um colchão, uma sala. Pessoas que têm um sofá, pessoas que têm um quarto. Eu já fiquei numa casa de um senhor, em Vitória, que a casa dele... A sala dele era 4 casas minha. Para você ter ideia, eu fiquei tipo assim: “Então tá”. E eu vejo a questão da divisão, você conseguir... No meu olhar, são pessoas ricas, são essas pessoas que conseguem dividir o que têm com outras pessoas, entendeu? Você dá acesso, você dá oportunidade para outras pessoas. Assim, essa é a minha visão nesse meu mundo do aplicativo. Mas a gente pode pegar esse exemplo e jogar para outros lugares, né? Para a questão de assistência social, para a questão... Das questões trabalhistas também, enfim, N coisas. ","ctid:1679","Experiência","","8 Referências"
"Grupo 6 - Classe Média - Misto - 05-11-2024.docx","Ingrid","P2: Deixa eu explicar... Na minha experiência, eu faço evento para pessoas muito ricas e raramente ou nunca... Às vezes tem 3 mil pessoas ou mais e eu não vejo pessoas da minha cor, primeira coisa. E são muito elitistas, são empresas e empresários mundiais, de todos os lugares do mundo e realmente existe esse acúmulo que você falou, da grande maioria acumulando, subiu e tem uma classe que fica lá e que não vai subir. E que vai ficar ali... //  P1: Paralisado.   P2: // Paralisado. E o Brasil tem essa característica também. ","ctid:1681","Experiência","","8 Referências"
"Grupo 6 - Classe Média - Misto - 05-11-2024.docx","Ingrid","P4: Eu acho que a gente tem que ser egoísta em determinados momentos, no sentido de acumular riqueza. Um exemplo que eu tive recente: eu pude passar, literalmente, de frente à Cracolândia em São Paulo. E aquilo me gerou um pensamento do tipo: “Por que aquelas pessoas estão ajudando aquelas pessoas que estão ali?”. Por que elas querem? Acho legal, bacana. Mas ao mesmo tempo me fez refletir. Quanto mais a gente ajuda aquelas pessoas que estão ali, mais elas vão continuar ali naquele local... // ","ctid:1686","Experiência","","8 Referências"
"Grupo 6 - Classe Média - Misto - 05-11-2024.docx","Ingrid","P3: Acho que a minha fala vai ser importante nesse momento. Eu tenho 47 anos, quando eu tinha... Eu morei em Copacabana desde os 14 até quase 18 anos. Quando eu morei ali, então há 30 anos atrás mais ou menos, eu vi a primeira geração de pessoas nascendo na rua. Porque antes as pessoas viam da periferia, tinham uma mendicância co-profissional, e voltavam. E eu me lembro perfeitamente do primeiro bebê que eu vi na porta de uma loja, recém-nascido, uma coisa que eu não dormi a noite toda. Eu chorei a noite toda, eu tinha 15 anos de idade. A partir disso você tem pessoas nascendo em situação de rua. Quando você nasce numa situação dessa você não tem noção de nada. Você não tem noção de espaço, você não tem noção de privacidade, você não tem noção de limite. Então, assim, entrar nesse assunto... São muitas variáveis, mas muitas, muitas mesmo. ","ctid:1687","Experiência","","8 Referências"
"Grupo 6 - Classe Média - Misto - 05-11-2024.docx","Ingrid","P8: Assim, é complicado falar um pouco de renda e riqueza... Porque, assim, eu já tive uma renda de 15 mil e eu me senti extremamente pobre. Porque eu não tinha tempo, eu não tinha saúde, eu não tinha vida. Então, são essas coisas... Era da casa para o trabalho, do trabalho para a casa. Pegava às 7 da manhã e largava 11 da noite. Para ter esses 15 mil. Eu tava me matando ali. E, assim, para muitas pessoas 15 mil pode ser pouco, mas para muitas pessoas 15 mil pode ser muito... //","ctid:1689","Experiência","","8 Referências"
"Grupo 6 - Classe Média - Misto - 05-11-2024.docx","Ingrid","P8: // Para a maioria é muito. Porque hoje em dia na faixa salarial nacional, acho que é 2 mil e alguma coisa... Então aí o que acontece? Eu também já passei a receber 2.500, porque eu tinha oportunidade de viajar, tinha oportunidade de conhecer pessoas. Eu tinha uma gestão de tempo, então por isso que sempre eu vou bater, desde o início até o final dessa reunião, que riqueza para mim é tempo. Então eu consigo ter a liberdade, eu consigo ter disponibilidade, eu consigo ter a questão da escolha com aquilo... Com aquele pouco que eu tenho, né? Pegando o viés um pouco do que a moça ali falou, da questão de generalidade, porque se você fosse trilionário, você iria utilizar isso? Eu já não parto um pouco desse princípio, acho que em todos os níveis dá para fazer isso, entendeu? Qualquer nível, se você tem mil, dois mil, cinco mil, dez mil, cem mil, enfim. Eu consigo fazer isso, mas essa é a minha visão.","ctid:1690","Experiência","","8 Referências"
"Grupo 6 - Classe Média - Misto - 05-11-2024.docx","Ingrid","P4: // Eu adquiri conhecimento através disso. Eu venho de família pobre e minha mãe conseguiu comprar uma casa pagando todos os meses a uma pessoa 100 reais, todos os meses. Então, através daquilo que eu vi lá na minha mãe, uma pessoa que não tem estudo nenhum e sempre me falou: “Você tem que guardar dinheiro”. Era a única coisa que eu escutava quando era criança... //","ctid:1691","Experiência","","8 Referências"
"Grupo 6 - Classe Média - Misto - 05-11-2024.docx","Ingrid","P4: // E naquilo ali eu falei: “Cara, eu preciso entender sobre isso”. Então fui atrás de conhecimento para ler e saber o que eu estava... Óbvio, não queria gastar dinheiro naquele momento porque eu também não tinha dinheiro. Então, qualquer oportunidade que eu tivesse de ler alguma coisa voltado à área de finanças, à área de economia, eu estava lendo porque eu tive aquela base. E que infelizmente, hoje em dia, muitas pessoas acabam não tendo a base porque não tiveram isso dos seus pais, avós, enfim... ","ctid:1692","Experiência","","8 Referências"
"Grupo 6 - Classe Média - Misto - 05-11-2024.docx","Ingrid","P3: Olha só, interessante o que vocês estão falando, porque eu conheço pessoas que são ricas, ricas mesmo. Herdeiras, ricas, assim, por exemplo, aqui no Rio de Janeiro, quem a gente pode dizer que é rica? Quem mora na Dias Ferreira, que tem apartamento milionário. Eu conheço pessoas que quando estão no Rio de Janeiro, eu vou para lá, eu janto, eu almoço. E essas pessoas adquiriram isso através de trabalho. Foram pessoas que saíram do zero? Não. Tiveram pai e mãe que pagaram medicina, que pagaram o que dá acesso. Mas elas não eram ricas como são hoje. Elas não moravam em lugares... Não moravam em casas, apartamentos milionários como moram hoje, mas elas tiveram o mínimo de acesso. Coisa que eu não tive. Então eu conheço essas pessoas e conheço também pessoas herdeiras, então, assim, são múltiplas maneiras, não é só uma. ","ctid:1694","Experiência","","8 Referências"
"Grupo 6 - Classe Média - Misto - 05-11-2024.docx","Ingrid","P1: É, para mim a riqueza é conhecimento, a princípio. Porque você conhecer pessoas, no qual, é claro que a herança ela traz para a gente uma riqueza muito grande sim. Porque você tem que saber administrar aquela herança que foi herdada, no qual o conhecimento, como o amigo falou, vendo a mãe que já perseverava ali com toda a determinação de pagar 100 reais por mês e ter a casinha dela, que era o objetivo dela, de concretizar o lar dela, que ela ainda não tinha, mas que é de uma forma diferente de quem já herdou. Ela não tinha nada, ninguém deu nada. Então, ela foi lá, buscou, teve, e o filho foi pela mesma linhagem. “Eu vou pelo que minha mãe determinou para ela e eu busco da mesma forma”. Não tive uma escola particular, mas aí os meus pais... Minha mãe é costureira, o meu pai é zelador de escola, trabalhando, me deram a oportunidade. Tem que estudar. Não faltar à aula e dar continuidade. Hoje sou formada, tenho minha casa, não disponibilizo de uma riqueza, mas minha riqueza hoje é: minha vivência de vida com saúde, tenho condições de ir para bom hospital porque eu tenho plano de saúde, mas mesmo assim não me prevalece tanto ter as condições melhores no hospital porque você chega no hospital, independente de ser particular, você pode ser bem tratado ou não. Eu não sou rica, mas o rico tem oportunidade de ser melhor... // ","ctid:1696","Experiência","","8 Referências"
"Grupo 6 - Classe Média - Misto - 05-11-2024.docx","Ingrid","P1: // Se [inc.] um médico que achar que aquela pessoa... Eu já escutei dentro de hospital, tá, minha amiga? “Aquele fulano do quarto tal, deixa ele... Se precisar reanimá-lo, não reanime, deixa ele ir”. ","ctid:1697","Experiência","","8 Referências"
"Grupo 6 - Classe Média - Misto - 05-11-2024.docx","Ingrid","P6: Não, mas eu sou enfermeira. A classe... Mas aí são outros motivos. Não tem a ver com riqueza. ","ctid:1699","Experiência","","8 Referências"
"Grupo 6 - Classe Média - Misto - 05-11-2024.docx","Ingrid","P6: É que a gente não investe no paciente, eu trabalho no SUS e eu trato todo mundo bem, mesmo sendo do SUS. Mas a gente não investe pelo paciente ser branco ou ser negro ou por ele ter dinheiro ou não, por ele ser do crime ou não, a gente recebe muito... Então a gente investe em todos os pacientes... //","ctid:1701","Experiência","","8 Referências"
"Grupo 6 - Classe Média - Misto - 05-11-2024.docx","Ingrid","P4: É bem diferente. Minha mãe mora em Santa Cruz e eu me mudei de Santa Cruz. Hoje eu moro no Rio Comprido sozinho justamente por causa disso. A questão de acesso à educação... //","ctid:1709","Experiência","","8 Referências"
"Grupo 6 - Classe Média - Misto - 05-11-2024.docx","Ingrid","P4: // É tudo mais difícil! Porque me mudei para o Rio Comprido, cheguei e comecei a adquirir amizade ao meu entorno. Simplesmente tem uma FAETEC próxima a minha casa onde oferece cursos de graça. E, assim, de verdade. Aqui tem. Lá em Santa Cruz [inc.]. Desculpa, mas não tem. E aqui tem e muita gente não vai. Porque, assim, a turma que eu faço tá quase fechando e não tem gente para poder estudar. E aí uma pessoa que mora na Zona Oeste não vai conseguir chegar até aqui. Porque não paga a passagem e tem que ir naquele horário. E são horários extremamente... Extremos. Tipo 6 horas até 8 e 40. Horário de trabalho, enfim.  ","ctid:1710","Experiência","","8 Referências"
"Grupo 6 - Classe Média - Misto - 05-11-2024.docx","Ingrid","P3: // Da Zona Sul é diferente para a Zona Norte, para a Zona Oeste, para tudo. Eu sei porque eu já estudei nos dois polos. Já estudei em Copacabana e já estudei em outro lugar. ","ctid:1713","Experiência","","8 Referências"
"Grupo 6 - Classe Média - Misto - 05-11-2024.docx","Ingrid","P3: Eu tenho interação. Por exemplo, eu entrei no réveillon mais caro do Brasil, foi no Copacabana Palace. Eu tive isso porque eu tenho amigos e eu fui convidada... //  P2: Provavelmente eu estava trabalhando na produção do Copacabana Palace, porque é o que eu faço. Já fiz várias...   P3: // Se fosse por mim, através de mim, eu não iria porque eu não tenho condição.   P6: Mas então você já não sofreu tanto essa desigualdade da riqueza. Porque você tem um amigo que te levou...   P3: Eu sofri desde quando eu nasci. Hoje, nasci dentro da favela eu cresci dentro desse ambiente... ","ctid:1721","Experiência","","8 Referências"
"Grupo 6 - Classe Média - Misto - 05-11-2024.docx","Ingrid","P3: Eu vejo a dualidade no meu dia a dia. Eu moro na Tijuca. É Vila Isabel - Tijuca. Você já tem... Não é Ipanema. Você já tem uma dualidade ali. Quando me dirijo até o meu trabalho, eu vou para Copacabana, eu vou para o Hilton, eu vou para o Sheraton, eu vou para todos os hotéis da Barra, inclusive para o [inc.].  E a gente planeja o evento e executa lá, montagem e execução. Então, assim, a gente lida diretamente com essa diferença e é gritante. O Rio de Janeiro, ele é a expressão da desigualdade, desculpa. E já fui pra São Paulo, já fui para BH, não conheço muito o Brasil, mas pelo que eu conheço e pelo que eu vejo, a desigualdade é muito grande aqui. ","ctid:1716","Experiência","","8 Referências"
"Grupo 6 - Classe Média - Misto - 05-11-2024.docx","Ingrid","P5: É isso que eu ia falar. Porque eu sou de São Paulo capital, então aqui no Rio de Janeiro a pobreza e a riqueza elas se esfregam uma com a outra, elas se misturam muito. Em São Paulo é planejado para as favelas estarem absurdamente distantes. Então você não vê favela lá em São Paulo, na capital. Então aqui as coisas se misturam mais. Aqui é mais recortado, aqui é mais retalhado. Então você está andando na Zona Sul, que é uma área elitizada, e pum! você se depara com uma favela. ","ctid:1720","Experiência","","8 Referências"
"Grupo 6 - Classe Média - Misto - 05-11-2024.docx","Ingrid","P6: Assim, não tenho muito convívio com ricos. No trabalho, mas não são ricos... Mas eu vejo em relação à desigualdade de acesso também, né? Por exemplo, eu me tornei enfermeira porque eu fiz o CEFET, um curso técnico federal, para poder me tornar técnica de enfermagem. E daí eu falei: “Vou virar enfermeira, para não ficar no nível médio”. E eu vi pessoas... Hoje eu trabalho com pessoas que são médicos porque os pais pagaram a faculdade de medicina. Então a gente vê uma desigualdade de acesso. Se eu tivesse pai que pudesse pagar, eu não seria enfermeira, eu seria médica. Não que eu não... Né? É uma questão de desigualdade. Não me incomoda, mas eu reflito no sentido de o que eu puder fazer para minha filha se tornar o que eu não tornei, eu farei. ","ctid:1738","Experiência","","8 Referências"
"Grupo 6 - Classe Média - Misto - 05-11-2024.docx","Ingrid","P2: // Sim, a gente não tem uma programação para isso. E realmente a desigualdade social é muito absurda aqui no Brasil, muito. Desculpa falar, não é para ostentar nem nada, eu já morei em oito países diferentes, então, assim, é muito absurda. Já morei em país monárquico, país asiático, país... Então é muito absurdo mesmo a desigualdade aqui no Brasil. Quando você, só tendo essa experiência, você consegue... Um outro mapa, entende? //","ctid:1748","Experiência","","8 Referências"
"Grupo 6 - Classe Média - Misto - 05-11-2024.docx","Ingrid","P3: Eu morei na Europa e é bem isso.","ctid:1747","Experiência","","8 Referências"
"Grupo 6 - Classe Média - Misto - 05-11-2024.docx","Ingrid","P5: // Eu acredito e vejo, estando na área administrativa, um movimento. É um pouco hipócrita, mas ao mesmo tempo é uma necessidade de urgência mundial, se preocupar com o meu ambiente, se preocupar com questão de igualdade racial e tudo mais, que é a inclusão da comunidade para com as ações da empresa. Então, como que eu vou gerenciar meus recursos sólidos, meu lixo melhor para o meu ambiente? Como que eu vou gerar uma parcela do meu lucro para ajudar a comunidade X dando cursos de graça? Então, eu vejo uma movimentação assim. Então, acredito que a parte privada também pode auxiliar bastante nisso. ","ctid:1756","Experiência","","8 Referências"
"Grupo 6 - Classe Média - Misto - 05-11-2024.docx","Ingrid","P5: Eu tinha falado... Não sei se você ouviu. Então, é que a minha cabeça, ela funciona de uma forma um tanto quanto complexa. Eu tenho herança afro e indígena, então, assim, a minha formação enquanto essência, ela funciona de... Eu sou a favor da reforma agrária. Então, assim, para mim, dependendo de quem for dessa casa, é absurdamente injusto. Mas, por exemplo, o cara é dono de uma fazenda, morreu. Para mim...","ctid:1765","Experiência","","8 Referências"
"Grupo 6 - Classe Média - Misto - 05-11-2024.docx","Ingrid","P3: Sim, a origem é fundamental para isso. Eu mesmo já convivi com pessoas... Eu tinha que sair da escola e tinha uma série de obrigações, domésticas, etc. A pessoa pegava a prancha e ia surfar. E a vida dela continuou a mesma. ","ctid:1772","Experiência","","8 Referências"
"Grupo 6 - Classe Média - Misto - 05-11-2024.docx","Ingrid","P5: Eu enxergo porque eu fui me informar porque eu passei por certas coisas. Antes eu não sabia, eu também não enxergava. Hoje eu enxergo, mas antes eu não enxergava. Tem muitas pessoas pretas dentro da empresa que têm qualificação para serem líderes, para serem coach, só que infelizmente é a minoria, principalmente mulheres. Por quê? Você entra em qualquer empresa, qualquer empresa, vai ter muitas pessoas pretas qualificadas, mas por que a maioria é branca? Existe uma coisa que se chama viés inconsciente. Então você vai começando a entender o racismo institucional, isso falando dentro de empresa, ele é super complexo. E ele é pouco falado. Aí se você vai olhar por fora, o porquê as pessoas negras têm dificuldade de ter acesso... Eu fui a única pessoa negra da faculdade. Eu fiz UNICAMP. Eu era a única da minha sala. A minha realidade era diferente de todas as meninas. Elas tinham carro, elas tinham, tipo, o pai ou a mãe delas pagavam para elas a casa delas. Eu tinha que trabalhar na faculdade integral. Então, assim, aí já começava uma outra coisa, que é a seleção de ensino. Todas as teorias eram de autores brancos. Eu comecei a questionar, falei: “Não, isso tá errado”. O racismo já tá aí, epistêmico. Então ele tá embutido em tanta coisa que você realmente não vê porque ele é invisível. ","ctid:1773","Experiência","","8 Referências"
"Grupo 6 - Classe Média - Misto - 05-11-2024.docx","Ingrid","P1: Eu fiz a minha graduação, me formei, estudei, continuo estudando, tenho a área também da saúde, mas preferi estar na área comercial, sou representante comercial, formada em gestão... Mas, assim, infelizmente é estrutural. E a cabeça das pessoas é que tem que mudar, não eu me minimizar diante da sociedade que pensa dessa forma. Então aí é que tá. Eu concordo com o que ele falou. Não discordando de você. Mas, em partes, como você disse, eu era a única negra na faculdade. Eu também fui. Eu fui uma vez numa festa de encontros de amigos da faculdade, na Ilha do Governador. No [inc.] onde nós estávamos era enorme. Quando fomos para a parte de fora onde tinha piscina, churrasqueira, era maior ainda...","ctid:1774","Experiência","","8 Referências"
"Grupo 6 - Classe Média - Misto - 05-11-2024.docx","Ingrid"," P2: Eu fui como ele, atravessando as coisas sem entender, e depois eu já fui como você. Despertei e consegui enxergar o tanto que eu passei que uma pessoa de uma outra cor não passaria. Você falou sobre o Brasil. O Brasil tem 52%, esse é o PIB nacional, tá? 52% de negros. Depois da África, é o país que mais tem negros.  ","ctid:1778","Experiência","","8 Referências"
"Grupo 6 - Classe Média - Misto - 05-11-2024.docx","Ingrid","P4: Existe um fato muito interessante a respeito disso. A gente vê várias pessoas que já jogaram na Mega-Sena e tiveram dinheiro naquele determinado momento, mas pelo fato de não saber administrar, não saber ter o costume de lidar com aquela quantidade de dinheiro, não soube administrar, saber no que gastar. Então, infelizmente... Aquilo que você falou. Acha que é livre e pode fazer o que quiser. Quando, na verdade, não é. ","ctid:1676","Factual","","8 Referências"
"Grupo 6 - Classe Média - Misto - 05-11-2024.docx","Ingrid","Só que para isso é uma coisa que o Napoleon ouviu falar muito, é a construção do mastermind, né? Que vai construindo a sua equipe, que você vai gerenciando as pessoas, vai criando outras pessoas com pensamentos de riqueza também, que vai ampliando esse momento de riqueza e vai gerando esse capital. ","ctid:1742","Factual","Ingrid 19/01

Não tenho certeza se esta parte precisa ser codificada como referência/que tipo de referência seria. Por enquanto classifiquei como uma referência factual. ","8 Referências"
"Grupo 6 - Classe Média - Misto - 05-11-2024.docx","Ingrid","P4: Eu acho que isso é muito importante, porque eu penso em política diretamente e é nítido que, tipo, eu não vou me recordar o nome do prefeito, mas eu acho que é o prefeito de Recife, é um bem novinho, muito moderninho e tal. E ele faz uma coisa lá que é muito interessante. Hoje a gente tem um sistema de... Não existe muito o costume de conhecer a sua população, de usar os dados a favor da sua população. Eu acho que o que falta é isso: os prefeitos, os vereadores, presidência, toda essa rede de políticos se unirem e pensarem em fazer essa distribuição e conhecer a sua população. Então, assim, acho que cabe a gente cobrar isso deles também, mas eles também precisam fazer a parte deles de conhecer a população. Para, ao invés da população ir atrás de buscar a saúde, a educação, eles já fornecerem isso para a gente porque a gente tem dados disponíveis através da internet, onde a gente pode conhecer, uma simples criação de aplicativo onde você vai cadastrar toda a sua população, que inclusive esse prefeito faz isso. Ele cadastrou toda a população dele em um aplicativo e todo mundo recebe SMS e todo mundo sabe o dia de ir se vacinar. A mãe que teve aquela criança ela simplesmente... “Olha, seu filho precisa se vacinar em tal data”. E ela já vai saber o dia que ela tem que ir lá porque já está tudo agendado naquele aplicativo. É muito importante ter políticas públicas nesse sentido. Mas infelizmente a população não sabe cobrar porque também não sabe votar. Então, infelizmente, se não sabe votar, não vai conseguir cobrar. ","ctid:1754","Factual","","8 Referências"
"Grupo 6 - Classe Média - Misto - 05-11-2024.docx","Ingrid","P3: Eu vou dar um exemplo de filantropia que eu nunca ouvi falar que tem corrupção não, daquela da mãe do Cazuza que ela faz uma assistência a pessoas com HIV e tal. Por exemplo, eu acho que esse tipo de trabalho não tem que ser taxado. Se existe transparência, se realmente está chegando no público-alvo, se está beneficiando a pessoa, isso não tem que ser taxado. ","ctid:1770","Factual","","8 Referências"
"Grupo 11 - Pobres - Misto - DIreita - 25-11-2024.docx","Ingrid","P6: Sempre vai ter. Não tem como acabar com a desigualdade.","ctid:1905","Futuro","","9 Abrangência"
"Grupo 11 - Pobres - Misto - DIreita - 25-11-2024.docx","Ingrid","P6: // Daqui uns 30, 40 anos [inc.].","ctid:1919","Futuro","","9 Abrangência"
"Grupo 11 - Pobres - Misto - DIreita - 25-11-2024.docx","Ingrid","P1: // Isso é em todo lugar, qualquer país. Não tem pra onde correr.","ctid:1904","Global","","9 Abrangência"
"Grupo 11 - Pobres - Misto - DIreita - 25-11-2024.docx","Ingrid","P3: Qualquer país vai ter essa desigualdade...","ctid:1906","Global","","9 Abrangência"
"Grupo 11 - Pobres - Misto - DIreita - 25-11-2024.docx","Ingrid"," P1: Incomoda um pouco, né. Incomoda. Eu acho que os recursos têm que ser para todos, né. Mas infelizmente tem essa desigualdade social não só no Brasil, mas em todo lugar.","ctid:1907","Global","","9 Abrangência"
"Grupo 11 - Pobres - Misto - DIreita - 25-11-2024.docx","Ingrid","P5: Existe. A Suíça…","ctid:1921","Global","","9 Abrangência"
"Grupo 11 - Pobres - Misto - DIreita - 25-11-2024.docx","Ingrid","P1: É o que eu acabei de falar. A Suíça!","ctid:1922","Global","","9 Abrangência"
"Grupo 11 - Pobres - Misto - DIreita - 25-11-2024.docx","Ingrid","P5: Escócia, Suíça, os países escandinavos....  ","ctid:1923","Global","","9 Abrangência"
"Grupo 11 - Pobres - Misto - DIreita - 25-11-2024.docx","Ingrid","P1: Finlândia, Dubai.","ctid:1924","Global","","9 Abrangência"
"Grupo 11 - Pobres - Misto - DIreita - 25-11-2024.docx","Ingrid","P5: Tem o exemplo do Uruguai, por exemplo.","ctid:1931","Global","","9 Abrangência"
"Grupo 11 - Pobres - Misto - DIreita - 25-11-2024.docx","Ingrid","P5: Não, Suíça, qualquer outro país. Um país vizinho. Nos Estados Unidos acontece uma separação por estados, né? No Uruguai acho que teve isso também e o pessoal botou no país vizinho. Então assim… Você vai botar o dinheiro em outro lugar, você vai deixar de produzir dinheiro aqui.","ctid:1933","Global","","9 Abrangência"
"Grupo 11 - Pobres - Misto - DIreita - 25-11-2024.docx","Ingrid","P5: A gente tem o exemplo da Coréia do Norte. É um país, né, que… Tudo é igual, tudo do mesmo, mas do ruim. Aí a gente tem o exemplo do “E” na… Do “E” não... // ","ctid:1936","Global","","9 Abrangência"
"Grupo 11 - Pobres - Misto - DIreita - 25-11-2024.docx","Ingrid","P5: Da “A”. Eu diria que seria a “A” na Coréia do Norte.","ctid:1937","Global","","9 Abrangência"
"Grupo 11 - Pobres - Misto - DIreita - 25-11-2024.docx","Ingrid","P5: Sim, exatamente por conta disso. Porque é um governo que comanda tudo ali, não deixa ninguém olhar pro lado.  ","ctid:1938","Global","","9 Abrangência"
"Grupo 11 - Pobres - Misto - DIreita - 25-11-2024.docx","Ingrid","P1: É. O Eike Batista. Eike Batista não. Aquele presidente dos Estados Unidos… Que ganhou agora. [inc.].","ctid:1940","Global","","9 Abrangência"
"Grupo 6 - Classe Média - Misto - 05-11-2024.docx","Ingrid","P2: Deixa eu explicar... Na minha experiência, eu faço evento para pessoas muito ricas e raramente ou nunca... Às vezes tem 3 mil pessoas ou mais e eu não vejo pessoas da minha cor, primeira coisa. E são muito elitistas, são empresas e empresários mundiais, de todos os lugares do mundo e realmente existe esse acúmulo que você falou, da grande maioria acumulando, subiu e tem uma classe que fica lá e que não vai subir. E que vai ficar ali... //  P1: Paralisado.   P2: // Paralisado. E o Brasil tem essa característica também. ","ctid:1683","Global","","9 Abrangência"
"Grupo 6 - Classe Média - Misto - 05-11-2024.docx","Ingrid","P2: Não, eu quero adicionar uma coisa. Existe uma preocupação mundial, que nós somos o país que alimenta um terço do planeta, mas também somos o país que tem um número muito exacerbado de pessoas passando fome. Então é um número muito... //","ctid:1743","Global","","9 Abrangência"
"Grupo 6 - Classe Média - Misto - 05-11-2024.docx","Ingrid","P3: Mais uma ideia. Nós somos o país que desperdiça alimento, acho que um dos maiores do mundo... Existe número. Um dos que mais desperdiça.","ctid:1744","Global","","9 Abrangência"
"Grupo 6 - Classe Média - Misto - 05-11-2024.docx","Ingrid","P2: // Sim, a gente não tem uma programação para isso. E realmente a desigualdade social é muito absurda aqui no Brasil, muito. Desculpa falar, não é para ostentar nem nada, eu já morei em oito países diferentes, então, assim, é muito absurda. Já morei em país monárquico, país asiático, país... Então é muito absurdo mesmo a desigualdade aqui no Brasil. Quando você, só tendo essa experiência, você consegue... Um outro mapa, entende? //","ctid:1745","Global","","9 Abrangência"
"Grupo 6 - Classe Média - Misto - 05-11-2024.docx","Ingrid","P3: Eu morei na Europa e é bem isso.","ctid:1746","Global","","9 Abrangência"
"Grupo 6 - Classe Média - Misto - 05-11-2024.docx","Ingrid","P2: Eu estou meditando, pegando um pouquinho da opinião de todo mundo. Então, eu votei na “D”, né? E eu, assim, já tive em um país no qual uma pessoa que está limpando o chão, ela ganha a mesma coisa que um engenheiro, um advogado. Isso gera um equilíbrio, porque gera... A pessoa consegue pagar sua moradia, consegue ter... E aí sim, só depende do esforço dela querer mudar a profissão, o status profissional ou o conhecimento dela. Isso é mais equilibrado. Outra coisa também que poderia ser feito, que na minha opinião geraria tempo para educação também, porque muitos jovens hoje em dia têm que escolher entre trabalhar, ajudar na casa, na família e tudo mais. A carga horária lá fora, a gente trabalha por carga horária, né? Então a gente consegue trabalhar em vários lugares ou trabalhar apenas só seis horas e o resto do tempo a gente estuda, a gente tem um lazer e isso gera um equilíbrio. Eu acho que tem uma massa da população muito grande no Brasil no serviço de base.... //","ctid:1752","Global","","9 Abrangência"
"Grupo 6 - Classe Média - Misto - 05-11-2024.docx","Ingrid","P8: A tua humilde opinião acho que é o epicentro dessa situação toda porque, assim, quando você diminui carga horária, você tem opção de escolha, você pode trabalhar nisso ou você pode estudar naquilo. Muitos países da Europa são assim. E dá para fazer isso na prática, mas os empresários vão querer isso? Essa é a questão. //","ctid:1751","Global","","9 Abrangência"
"Grupo 6 - Classe Média - Misto - 05-11-2024.docx","Ingrid","P5: // Eu acredito e vejo, estando na área administrativa, um movimento. É um pouco hipócrita, mas ao mesmo tempo é uma necessidade de urgência mundial, se preocupar com o meu ambiente, se preocupar com questão de igualdade racial e tudo mais, que é a inclusão da comunidade para com as ações da empresa. Então, como que eu vou gerenciar meus recursos sólidos, meu lixo melhor para o meu ambiente? Como que eu vou gerar uma parcela do meu lucro para ajudar a comunidade X dando cursos de graça? Então, eu vejo uma movimentação assim. Então, acredito que a parte privada também pode auxiliar bastante nisso. ","ctid:1757","Global","","9 Abrangência"
"Grupo 6 - Classe Média - Misto - 05-11-2024.docx","Ingrid","P2: Eu acho que seria favorável porque, vamos lá, como a minha mente vai aqui e vai fora. Em outros países, isso é convertido para a sociedade. Então, seria nesse sentido, nessa ideia, que eles fariam isso. No caso do Brasil, já não se tem tanta certeza ou certeza nenhuma que isso seria convertido para a educação, para a melhoria da... // ","ctid:1759","Global","","9 Abrangência"
"Grupo 6 - Classe Média - Misto - 05-11-2024.docx","Ingrid"," P2: Eu fui como ele, atravessando as coisas sem entender, e depois eu já fui como você. Despertei e consegui enxergar o tanto que eu passei que uma pessoa de uma outra cor não passaria. Você falou sobre o Brasil. O Brasil tem 52%, esse é o PIB nacional, tá? 52% de negros. Depois da África, é o país que mais tem negros.  ","ctid:1776","Global","","9 Abrangência"
"Grupo 11 - Pobres - Misto - DIreita - 25-11-2024.docx","Ingrid","P2: Ipanema. [Risos]","ctid:1839","Local","","9 Abrangência"
"Grupo 11 - Pobres - Misto - DIreita - 25-11-2024.docx","Ingrid","P4: Leblon. Eu penso, assim… //","ctid:1838","Local","","9 Abrangência"
"Grupo 11 - Pobres - Misto - DIreita - 25-11-2024.docx","Ingrid","P8: Em São João não tem como, né? [Risos]","ctid:1840","Local","","9 Abrangência"
"Grupo 11 - Pobres - Misto - DIreita - 25-11-2024.docx","Ingrid","P2: Na Zona Sul, ali é um local que só acessa quem tem dinheiro, quem é rico. Ali eu consigo ver que há uma grande diferença","ctid:1846","Local","","9 Abrangência"
"Grupo 11 - Pobres - Misto - DIreita - 25-11-2024.docx","Ingrid","P3: Não, mas como assim? Porque na Zona Sul tem três favelas só em Copacabana, por exemplo... //","ctid:1847","Local","","9 Abrangência"
"Grupo 11 - Pobres - Misto - DIreita - 25-11-2024.docx","Ingrid","P3: // Então, ele não vai morar na favela, mas ele vai subir o morro para interagir. Vai subir o morro para comprar a droga dele, vai subir ao morro para pagar propina, então…","ctid:1848","Local","","9 Abrangência"
"Grupo 11 - Pobres - Misto - DIreita - 25-11-2024.docx","Ingrid","P8: É, porque você não… Até tem rico em São João, mas tipo assim, tem, sei lá, 50. Na Zona Sul tem várias pessoas, né? Então você não vai achar um cara podre de rico morando na frente da estação lá do trem, sabe?","ctid:1853","Local","","9 Abrangência"
"Grupo 11 - Pobres - Misto - DIreita - 25-11-2024.docx","Ingrid","8: É! Agora aqui, em Copacabana, a Narcisa tá do lado do Copacabana Palace. Aí ela tá lá, né…","ctid:1855","Local","","9 Abrangência"
"Grupo 11 - Pobres - Misto - DIreita - 25-11-2024.docx","Ingrid","P3: Não, completando o que ele falou… A MPB foi criada por rico, foi criada na Zona Sul... // ","ctid:1856","Local","","9 Abrangência"
"Grupo 11 - Pobres - Misto - DIreita - 25-11-2024.docx","Ingrid","P1: Para o rico, só que agora todo mundo tá usando. Porque… Essa semana agora eu e minha filha  fomos pro Theatro Municipal. Eu fui assistir lá uma peça, é... Orquestra mais ópera. Uma peça de uma protagonista russaca, que é Russo, eu assisti. Quer dizer, eu não sou milionária, não sou rica, mas eu tava no Theatro Municipal.","ctid:1861","Local","","9 Abrangência"
"Grupo 11 - Pobres - Misto - DIreita - 25-11-2024.docx","Ingrid","P5: Existe… Existem projetos em que você ganha ingresso ou paga mais barato. Ontem eu fui assistir uma obra também, é… 15 reais o ingresso mais barato. A produção não é para 15 reais. Então aquilo ali tem toda uma questão de incentivo da prefeitura, governo e tal. Mas é um espetáculo que… Não é para todo mundo.","ctid:1866","Local","","9 Abrangência"
"Grupo 11 - Pobres - Misto - DIreita - 25-11-2024.docx","Ingrid","P8: Ela mora do lado do Copacabana Palace, na Avenida Atlântica em frente ao mar. Ela tem dois apartamentos ali. Já o primo dela mora em Rio das Ostras. Riquíssimo! Tem dinheiro igual a ela.","ctid:1867","Local","","9 Abrangência"
"Grupo 11 - Pobres - Misto - DIreita - 25-11-2024.docx","Ingrid","P8: Porque o cara, ele mora em Rio das Ostras… Macaé, Campos, aquela região de lá, mas ele anda de moto... //","ctid:1868","Local","","9 Abrangência"
"Grupo 11 - Pobres - Misto - DIreita - 25-11-2024.docx","Ingrid","P3: // Por cultura. Então não dá para… Rico emergente é só para dizer… Aqui na Barra...  na Barra vivem pessoas emergentes, pessoas que estão começando a criar um determinado poder, uma determinada riqueza. “Emergente” é um termo muito…","ctid:1873","Local","","9 Abrangência"
"Grupo 11 - Pobres - Misto - DIreita - 25-11-2024.docx","Ingrid","P2: Mas então… Mas dentro do cenário dos ricos, eles não são tipo… Uma família tradicional da Zona Sul não vê o pessoal da Barra como rico. [inc.] //","ctid:1878","Local","","9 Abrangência"
"Grupo 11 - Pobres - Misto - DIreita - 25-11-2024.docx","Ingrid","P5: Eu acho que tá mudando também, né. Porque existe essa cultura de que quem mora na Zona Sul é herdeiro... //","ctid:1882","Local","","9 Abrangência"
"Grupo 11 - Pobres - Misto - DIreita - 25-11-2024.docx","Ingrid","P2: A Barra é feita por novos ricos, enquanto a Zona Sul é pelos ricos-ricos.","ctid:1883","Local","","9 Abrangência"
"Grupo 11 - Pobres - Misto - DIreita - 25-11-2024.docx","Ingrid","P7: Eu acho que ali na Zona Sul é mais… É mais o padrão esse mesmo. Tipo assim, mais de berço. Herdeiros, tipo isso.","ctid:1884","Local","","9 Abrangência"
"Grupo 11 - Pobres - Misto - DIreita - 25-11-2024.docx","Ingrid","P3: Só a Barra, porque Vargem Grande, por exemplo, a maioria dos ricos todos estão morando por lá. Não dá mais pra resumir somente Zona Sul e Barra como lugar para ricos morarem.","ctid:1885","Local","","9 Abrangência"
"Grupo 11 - Pobres - Misto - DIreita - 25-11-2024.docx","Ingrid","P3: Inclusive, na Baixada também tem muito lugar que rico mora. Eles podem não gostar de lá, mas também… //","ctid:1886","Local","","9 Abrangência"
"Grupo 11 - Pobres - Misto - DIreita - 25-11-2024.docx","Ingrid","P3: Não, então, é gosto, mas vai… Vocês estão falando tanto da Zona Sul, mas vai ali na Zona Sul. “Oi senhor, tudo bem? Aqui, vamos no funk aqui ao lado para ver se o senhor gosta. Vamos ali no concerto para ver se aquilo tá mais...” //","ctid:1892","Local","","9 Abrangência"
"Grupo 11 - Pobres - Misto - DIreita - 25-11-2024.docx","Ingrid","P7: Eu moro em comunidade, né, moro ali na Maré. E tipo assim, é bem… Na minha esquina tem um baile, na esquina onde eu moro, né. Então o que eu vejo de garotas, tipo assim, de padrão de vida...","ctid:1891","Local","","9 Abrangência"
"Grupo 11 - Pobres - Misto - DIreita - 25-11-2024.docx","Ingrid","P7: // É! Elas se deslocam daqui, da Zona Sul, vai pra a comunidade pra poder usar droga e ficar com traficante, tá.","ctid:1893","Local","","9 Abrangência"
"Grupo 11 - Pobres - Misto - DIreita - 25-11-2024.docx","Ingrid","P7: Elas se deslocam daqui da Zona Sul pra ir pra comunidade. Eu fico passada! Porque eu levanto, aí vou pra porta [inc.], então elas ficam passando assim na rua. “Não, porque eu tenho que ir”. Assim, a conversa delas, sabe, até o jeito de falar, você vê que não é uma pessoa favelada. Entendeu? Você vê que o padrão de vida da pessoa é… //","ctid:1896","Local","","9 Abrangência"
"Grupo 11 - Pobres - Misto - DIreita - 25-11-2024.docx","Ingrid","P3: Uma pessoa que veio do interior, por exemplo, é completamente diferente de um carioca. Ele não vai falar… Do jeito… É… //","ctid:1900","Local","","9 Abrangência"
"Grupo 11 - Pobres - Misto - DIreita - 25-11-2024.docx","Ingrid","P3: // Gíria. Ele não vai dessa forma. Ele vai falar de uma forma mais calma, mais educada e não… Ele pode até ter sido criado e nascido no morro lá no interior, mas ainda assim ele vai falar diferente do daqui. Então não dá pra resumir também à ilha da favela e à ilha da Zona Sul por causa disso, não.","ctid:1901","Local","","9 Abrangência"
"Grupo 11 - Pobres - Misto - DIreita - 25-11-2024.docx","Ingrid","P3: A desigualdade tá escrachada no Brasil e no Rio de Janeiro. Não dá para... //","ctid:1909","Local","","9 Abrangência"
"Grupo 11 - Pobres - Misto - DIreita - 25-11-2024.docx","Ingrid","P8: Se for o Rio de Janeiro é a “B”.","ctid:1916","Local","","9 Abrangência"
"Grupo 11 - Pobres - Misto - DIreita - 25-11-2024.docx","Ingrid","P8: Mas mesmo assim eu ainda prefiro o Rio de Janeiro. [Risos]","ctid:1939","Local","","9 Abrangência"
"Grupo 11 - Pobres - Misto - DIreita - 25-11-2024.docx","Ingrid","P8: No Leblon não!","ctid:1951","Local","","9 Abrangência"
"Grupo 11 - Pobres - Misto - DIreita - 25-11-2024.docx","Ingrid","P7: No Leblon só tem gringo. Tipo assim, de cabelinho… Igual ele aqui, de cabelinho lisinho, de olho claro.","ctid:1952","Local","","9 Abrangência"
"Grupo 11 - Pobres - Misto - DIreita - 25-11-2024.docx","Ingrid","P2: Até o perfil dos policiais de lá são diferentes. São tipo alemão [inc.].","ctid:1953","Local","","9 Abrangência"
"Grupo 6 - Classe Média - Misto - 05-11-2024.docx","Ingrid","P3: Acho que a minha fala vai ser importante nesse momento. Eu tenho 47 anos, quando eu tinha... Eu morei em Copacabana desde os 14 até quase 18 anos. Quando eu morei ali, então há 30 anos atrás mais ou menos, eu vi a primeira geração de pessoas nascendo na rua. Porque antes as pessoas viam da periferia, tinham uma mendicância co-profissional, e voltavam. E eu me lembro perfeitamente do primeiro bebê que eu vi na porta de uma loja, recém-nascido, uma coisa que eu não dormi a noite toda. Eu chorei a noite toda, eu tinha 15 anos de idade. A partir disso você tem pessoas nascendo em situação de rua. Quando você nasce numa situação dessa você não tem noção de nada. Você não tem noção de espaço, você não tem noção de privacidade, você não tem noção de limite. Então, assim, entrar nesse assunto... São muitas variáveis, mas muitas, muitas mesmo. ","ctid:1688","Local","","9 Abrangência"
"Grupo 6 - Classe Média - Misto - 05-11-2024.docx","Ingrid","P3: Olha só, interessante o que vocês estão falando, porque eu conheço pessoas que são ricas, ricas mesmo. Herdeiras, ricas, assim, por exemplo, aqui no Rio de Janeiro, quem a gente pode dizer que é rica? Quem mora na Dias Ferreira, que tem apartamento milionário. Eu conheço pessoas que quando estão no Rio de Janeiro, eu vou para lá, eu janto, eu almoço. E essas pessoas adquiriram isso através de trabalho. Foram pessoas que saíram do zero? Não. Tiveram pai e mãe que pagaram medicina, que pagaram o que dá acesso. Mas elas não eram ricas como são hoje. Elas não moravam em lugares... Não moravam em casas, apartamentos milionários como moram hoje, mas elas tiveram o mínimo de acesso. Coisa que eu não tive. Então eu conheço essas pessoas e conheço também pessoas herdeiras, então, assim, são múltiplas maneiras, não é só uma. ","ctid:1695","Local","","9 Abrangência"
"Grupo 6 - Classe Média - Misto - 05-11-2024.docx","Ingrid","PN: É só olhar para o Rio de Janeiro, gente.","ctid:1702","Local","","9 Abrangência"
"Grupo 6 - Classe Média - Misto - 05-11-2024.docx","Ingrid","P3: Para mim isso é muito nítido. Se você passa de Ipanema para lá, você já vê que é outro Rio de Janeiro.","ctid:1703","Local","","9 Abrangência"
"Grupo 6 - Classe Média - Misto - 05-11-2024.docx","Ingrid","P3: Tem a ver com espaço, com acesso, com tudo, porque tudo que você faz de Ipanema para lá é diferente do que você faz de Ipanema pra cá.","ctid:1704","Local","","9 Abrangência"
"Grupo 6 - Classe Média - Misto - 05-11-2024.docx","Ingrid","P7: É só você olhar para a Zona Sul e a Zona Oeste. ","ctid:1705","Local","","9 Abrangência"
"Grupo 6 - Classe Média - Misto - 05-11-2024.docx","Ingrid","M: Me fala então como é a Zona Sul e a Zona Oeste.   P7: Bom, é totalmente diferente. Educação, as estradas, os prédios, apartamentos, escola, colégio, hospitais.","ctid:1706","Local","","9 Abrangência"
"Grupo 6 - Classe Média - Misto - 05-11-2024.docx","Ingrid","3: O Rio de Janeiro é muito doido, né? Porque a Barra está na Zona Oeste, mas eles se acham Zona Sul. E tem que falar também qual é a Zona Oeste. São... ","ctid:1707","Local","","9 Abrangência"
"Grupo 6 - Classe Média - Misto - 05-11-2024.docx","Ingrid","P4: É bem diferente. Minha mãe mora em Santa Cruz e eu me mudei de Santa Cruz. Hoje eu moro no Rio Comprido sozinho justamente por causa disso. A questão de acesso à educação... //","ctid:1708","Local","","9 Abrangência"
"Grupo 6 - Classe Média - Misto - 05-11-2024.docx","Ingrid","P4: // É tudo mais difícil! Porque me mudei para o Rio Comprido, cheguei e comecei a adquirir amizade ao meu entorno. Simplesmente tem uma FAETEC próxima a minha casa onde oferece cursos de graça. E, assim, de verdade. Aqui tem. Lá em Santa Cruz [inc.]. Desculpa, mas não tem. E aqui tem e muita gente não vai. Porque, assim, a turma que eu faço tá quase fechando e não tem gente para poder estudar. E aí uma pessoa que mora na Zona Oeste não vai conseguir chegar até aqui. Porque não paga a passagem e tem que ir naquele horário. E são horários extremamente... Extremos. Tipo 6 horas até 8 e 40. Horário de trabalho, enfim.  ","ctid:1711","Local","","9 Abrangência"
"Grupo 6 - Classe Média - Misto - 05-11-2024.docx","Ingrid","P3: // Da Zona Sul é diferente para a Zona Norte, para a Zona Oeste, para tudo. Eu sei porque eu já estudei nos dois polos. Já estudei em Copacabana e já estudei em outro lugar. ","ctid:1712","Local","","9 Abrangência"
"Grupo 6 - Classe Média - Misto - 05-11-2024.docx","Ingrid","P3: Eu tenho interação. Por exemplo, eu entrei no réveillon mais caro do Brasil, foi no Copacabana Palace. Eu tive isso porque eu tenho amigos e eu fui convidada... //  P2: Provavelmente eu estava trabalhando na produção do Copacabana Palace, porque é o que eu faço. Já fiz várias...   P3: // Se fosse por mim, através de mim, eu não iria porque eu não tenho condição.   P6: Mas então você já não sofreu tanto essa desigualdade da riqueza. Porque você tem um amigo que te levou...   P3: Eu sofri desde quando eu nasci. Hoje, nasci dentro da favela eu cresci dentro desse ambiente... ","ctid:1722","Local","","9 Abrangência"
"Grupo 6 - Classe Média - Misto - 05-11-2024.docx","Ingrid","P3: Eu vejo a dualidade no meu dia a dia. Eu moro na Tijuca. É Vila Isabel - Tijuca. Você já tem... Não é Ipanema. Você já tem uma dualidade ali. Quando me dirijo até o meu trabalho, eu vou para Copacabana, eu vou para o Hilton, eu vou para o Sheraton, eu vou para todos os hotéis da Barra, inclusive para o [inc.].  E a gente planeja o evento e executa lá, montagem e execução. Então, assim, a gente lida diretamente com essa diferença e é gritante. O Rio de Janeiro, ele é a expressão da desigualdade, desculpa. E já fui pra São Paulo, já fui para BH, não conheço muito o Brasil, mas pelo que eu conheço e pelo que eu vejo, a desigualdade é muito grande aqui. ","ctid:1715","Local","","9 Abrangência"
"Grupo 6 - Classe Média - Misto - 05-11-2024.docx","Ingrid","P5: É isso que eu ia falar. Porque eu sou de São Paulo capital, então aqui no Rio de Janeiro a pobreza e a riqueza elas se esfregam uma com a outra, elas se misturam muito. Em São Paulo é planejado para as favelas estarem absurdamente distantes. Então você não vê favela lá em São Paulo, na capital. Então aqui as coisas se misturam mais. Aqui é mais recortado, aqui é mais retalhado. Então você está andando na Zona Sul, que é uma área elitizada, e pum! você se depara com uma favela. ","ctid:1718","Local","","9 Abrangência"
"Grupo 6 - Classe Média - Misto - 05-11-2024.docx","Ingrid","P5: Na Barra tem menos. A Barra é um pouco menos ainda porque ela foi um bairro bem planejado, né? Então naquele começo da Barra, do Jardim Oceânico, não tem. Você não vê. A não ser que você entre para dentro da Tijuquinha. ","ctid:1723","Local","","9 Abrangência"
"Grupo 6 - Classe Média - Misto - 05-11-2024.docx","Ingrid","P3: Acho que isso é fruto dessa estratificação. Essa estratificação desde o baixo, médio e alto. Porque dentro dos próprios lugares de baixa renda você tem essa estratificação. Por exemplo, você tem o bairro chamado Vila Valqueire, lá no subúrbio, que parece que você está num bairro nobre. Não é verdade? Quem conhece? Mas ali é Baixada. Não sei nem se é Baixada. ","ctid:1724","Local","","9 Abrangência"
"Grupo 6 - Classe Média - Misto - 05-11-2024.docx","Ingrid","1: O Valqueire é Zona Norte, que é próximo de Cascadura, Marechal Hermes. ","ctid:1725","Local","","9 Abrangência"
"Grupo 6 - Classe Média - Misto - 05-11-2024.docx","Ingrid","P3: É suburbão.  P6: Mas é de rico...  P3: Mas rico, rico, nunca vai morar ali. É isso que eu estou falando, dessa estratificação.  P1: Ali no Valqueire, na estrada Independente Magalhães, ali tem mais de três favelas.  P3: Pois é, essa estratificação do Rio, ela entra mesmo um pelo outro, é impressionante isso. ","ctid:1726","Local","","9 Abrangência"
"Grupo 6 - Classe Média - Misto - 05-11-2024.docx","Ingrid","P8: E a questão da Barra... É um bairro de emergente, né? É aquela pessoa que conseguiu um pouquinho mais: “Vou para onde? Vou para a Barra”.   M: Emergente é rico?  P5: Depende da área da Barra.  ","ctid:1727","Local","","9 Abrangência"
"Grupo 6 - Classe Média - Misto - 05-11-2024.docx","Ingrid","P5: Jardim Oceânico é gente herdeira...","ctid:1728","Local","","9 Abrangência"
"Grupo 6 - Classe Média - Misto - 05-11-2024.docx","Ingrid","P1: Eu acho que não. Porque pode acontecer também de... Em relação à Vila Valqueire, e as adjacências ali, tem muitas pessoas que são, inclusive... Ali no [inc.] tem o pessoal da área militar, são muitas pessoas militares, inclusive até herdeiros, que passaram no militarismo justamente porque as famílias já eram da parte, né... Em relação a ser militar. E aí vem a declínio. Tinha uma herança, no qual foi estudar, perdeu-se aquela herança e passou a ser emergente. Eu entendo dessa maneira. Já com o Jardim Oceânico, fez da mesma maneira também, porque... Como é que eu vou te explicar, Barra, Recreio... No Recreio tem ali a Allende... ","ctid:1732","Local","","9 Abrangência"
"Grupo 6 - Classe Média - Misto - 05-11-2024.docx","Ingrid","P8: Mas aí quando você falou emergente, você está falando de downgrade, a pessoa que era superior e declinou. Eu já falo ao contrário, a pessoa que fez a upgrade. Uma pessoa que subiu. A mentalidade do caxiense é arrumar dinheiro e ir para a Barra. É o que eu mais vejo lá. ","ctid:1733","Local","","9 Abrangência"
"Grupo 6 - Classe Média - Misto - 05-11-2024.docx","Ingrid","P1: Ah, de ir, né? Ah, sim. É que eu fiz ao contrário, fiz de lá da Barra, vindo para o lado de Valqueire, essa parte Zona Norte, que a gente fala Zona Norte. No caso ele tá vindo de lá da Zona Oeste, que é praticamente uma Zona Sul para ele. ","ctid:1734","Local","","9 Abrangência"
"Grupo 6 - Classe Média - Misto - 05-11-2024.docx","Ingrid","P8: Esse movimento eu vejo muito com muitas pessoas da Zona Sul. Herdou, só que não conseguiu se manter, não se qualificou, e perdeu tudo. E aí começa a migrar para outros lugares. A pessoa que teve downgrade. A pessoa que saiu da Zona Sul. A Barra para mim é um bairro “novo”, entre aspas, porque... Copacabana é, sei lá, desde que Rio de Janeiro é Rio de Janeiro. //","ctid:1736","Local","","9 Abrangência"
"Grupo 6 - Classe Média - Misto - 05-11-2024.docx","Ingrid","P8: // Botafogo, enfim, são bairros tradicionais. Mas a Barra não. É um bairro novo. Sei lá, tem uns 30 anos, no máximo. A pessoa que tem um levante na vida, aí sim tem a ideia de ir para a Barra. E as pessoas que têm esse downgrade saem da Zona Sul para a Zona Norte, Zona Oeste. Eu vejo dessa maneira.  ","ctid:1737","Local","","9 Abrangência"
"Grupo 6 - Classe Média - Misto - 05-11-2024.docx","Ingrid","P3: Exatamente. O que mais me incomoda no Rio de Janeiro não é a violência, é pessoas em situação de rua, porque para mim é incabível a nossa espécie estar passando por uma situação dessa. Para mim é isso. ","ctid:1739","Local","","9 Abrangência"
"Grupo 6 - Classe Média - Misto - 05-11-2024.docx","Ingrid","P2: Saúde e educação... E segurança, no caso do Rio de Janeiro.","ctid:1762","Local","","9 Abrangência"
"Grupo 6 - Classe Média - Misto - 05-11-2024.docx","Ingrid","P3: Mas é isso que eu tô falando, para mim não é isso. Para mim depende, porque se for esse avô lá da Baixada Fluminense, que tem um monte de casinha alugada é uma coisa. Agora se for... //","ctid:1767","Local","","9 Abrangência"
"Grupo 6 - Classe Média - Misto - 05-11-2024.docx","Ingrid","P1: Eu fiz a minha graduação, me formei, estudei, continuo estudando, tenho a área também da saúde, mas preferi estar na área comercial, sou representante comercial, formada em gestão... Mas, assim, infelizmente é estrutural. E a cabeça das pessoas é que tem que mudar, não eu me minimizar diante da sociedade que pensa dessa forma. Então aí é que tá. Eu concordo com o que ele falou. Não discordando de você. Mas, em partes, como você disse, eu era a única negra na faculdade. Eu também fui. Eu fui uma vez numa festa de encontros de amigos da faculdade, na Ilha do Governador. No [inc.] onde nós estávamos era enorme. Quando fomos para a parte de fora onde tinha piscina, churrasqueira, era maior ainda...","ctid:1775","Local","","9 Abrangência"
"Grupo 11 - Pobres - Misto - DIreita - 25-11-2024.docx","Ingrid","P1: [inc.] Silvio Santos, Roberto Marinho…","ctid:1872","Mídia tradicional","","8 Referências"
"Grupo 11 - Pobres - Misto - DIreita - 25-11-2024.docx","Ingrid","P2: São pessoas que tiveram, talvez, a oportunidade. Você pode ver o cenário musical, tipo Anitta, Ludmilla, elas são emergentes. Elas eram pobres e com devidas oportunidades... // ","ctid:1874","Mídia tradicional","","8 Referências"
"Grupo 11 - Pobres - Misto - DIreita - 25-11-2024.docx","Ingrid","P1: Jojo Toddynho.","ctid:1877","Mídia tradicional","","8 Referências"
"Grupo 11 - Pobres - Misto - DIreita - 25-11-2024.docx","Ingrid","P4: É diferente de um Roberto Carlos e uma Anitta, que nasceu ali… //","ctid:1881","Mídia tradicional","","8 Referências"
"Grupo 11 - Pobres - Misto - DIreita - 25-11-2024.docx","Ingrid","P3: Zeca Pagodinho. Podre de rico, mas [inc.].","ctid:1887","Mídia tradicional","","8 Referências"
"Grupo 6 - Classe Média - Misto - 05-11-2024.docx","Ingrid","P4: Eu acho que a riqueza... Eu quero estar rico. Eu acho que ser rico não é só simplesmente você... “Ah, eu quero ter um carro... Poder pagar uma conta”. É como diz o livro do “Pai Rico, Pai Pobre”. Não é simplesmente só querer ter dinheiro para pagar conta. É você ser rico. Eu quero simplesmente ser rico e ponto final. É saber usar o dinheiro com qualidade, é saber curtir a vida da melhor forma, é poder viajar... //","ctid:1740","Mídia tradicional","","8 Referências"
"Grupo 11 - Pobres - Misto - DIreita - 25-11-2024.docx","Ingrid","P1: Rick Chesther.","ctid:1826","Mídias sociais","","8 Referências"
"Grupo 11 - Pobres - Misto - DIreita - 25-11-2024.docx","Ingrid","P4: // Ele começou vendendo água e hoje é riquíssimo! Entendeu? Tipo assim, o Caio. Não sei se vocês conhecem o Caio Carneiro. Ele começou… Ele tem uma família com grana? Tem. Mas hoje em dia o cara é podre de rico! Então, assim, tem pessoas que, dependendo, tipo: “Ah, tenho uma conta de 2 mil, mas eu gasto quatro”. Como que eu vou conseguir chegar… //","ctid:1827","Mídias sociais","","8 Referências"
"Grupo 11 - Pobres - Misto - DIreita - 25-11-2024.docx","Ingrid","P8: Narcisa.","ctid:1869","Mídias sociais","","8 Referências"
"Grupo 11 - Pobres - Misto - DIreita - 25-11-2024.docx","Ingrid","P8: Ela mora do lado do Copacabana Palace, na Avenida Atlântica em frente ao mar. Ela tem dois apartamentos ali. Já o primo dela mora em Rio das Ostras. Riquíssimo! Tem dinheiro igual a ela.","ctid:1870","Mídias sociais","","8 Referências"
"Grupo 11 - Pobres - Misto - DIreita - 25-11-2024.docx","Ingrid","P8: Porque o cara, ele mora em Rio das Ostras… Macaé, Campos, aquela região de lá, mas ele anda de moto... //","ctid:1871","Mídias sociais","","8 Referências"
"Grupo 11 - Pobres - Misto - DIreita - 25-11-2024.docx","Ingrid","P6: Me incomoda e incomoda qualquer um que tenha o senso de perceber, né. Mas tipo assim, só vai bater, bater nessa tecla quando todo mundo sentir essa desigualdade. Quando todo mundo sentir essa desigualdade, aí eu acho que muda. Mas até… Então só vai continuar incomodando, incomodando. O povo só vai continuar fazendo textinho no facebook [inc.].","ctid:1903","Mídias sociais","","8 Referências"
"Grupo 11 - Pobres - Misto - DIreita - 25-11-2024.docx","Ingrid","P5: [inc.] Tem uma ONG. Por exemplo, há pouco tempo teve uma festa do… De um jogador de futebol… Ronaldo. Ronaldo fenômeno! Ele tem uma ONG, se não me engano. Uma ONG, uma empresa assim. Todas essas pessoas que têm uma empresa têm desconto em imposto. Então assim.. Aí você fica na dúvida: ele ajuda porque é bom ou ele ajuda porque tem desconto no imposto? //","ctid:1943","Mídias sociais","","8 Referências"
"Grupo 11 - Pobres - Misto - DIreita - 25-11-2024.docx","Ingrid","P2: Mas hoje em dia a gente tem um monte de influencer que tá com [inc.].","ctid:1946","Mídias sociais","","8 Referências"
"Grupo 6 - Classe Média - Misto - 05-11-2024.docx","Ingrid","P8: Existe o acumulador de recursos, que para mim eu não considero um rico, mas também existe aquela pessoa que... Eu participo de um grupo, em um aplicativo chamado CouchSurfing, não sei se alguém já ouviu falar.   M: De hospedagem?  P8: De hospedagem. Então, assim, eu tenho recursos para poder alugar um hotel, para poder alugar um hostel, mas eu prefiro utilizar uma plataforma para poder conhecer pessoas, né? E eu vejo que quando... Nunca... Pouco eu utilizo hotel ou hostel, eu prefiro utilizar a plataforma. E todas as vezes... Eu encontro pessoas de todos os níveis. Pessoas que não têm nada, que só podem me oferecer um colchão, uma sala. Pessoas que têm um sofá, pessoas que têm um quarto. Eu já fiquei numa casa de um senhor, em Vitória, que a casa dele... A sala dele era 4 casas minha. Para você ter ideia, eu fiquei tipo assim: “Então tá”. E eu vejo a questão da divisão, você conseguir... No meu olhar, são pessoas ricas, são essas pessoas que conseguem dividir o que têm com outras pessoas, entendeu? Você dá acesso, você dá oportunidade para outras pessoas. Assim, essa é a minha visão nesse meu mundo do aplicativo. Mas a gente pode pegar esse exemplo e jogar para outros lugares, né? Para a questão de assistência social, para a questão... Das questões trabalhistas também, enfim, N coisas. ","ctid:1678","Mídias sociais","","8 Referências"
"Grupo 11 - Pobres - Misto - DIreita - 25-11-2024.docx","Ingrid","P3: Então, primeiro, esse “riqueza” tem que ser mais especificado, né? Porque o Brasil é um país rico em fauna, em flora. Então nós estamos falando de riqueza social, certo?","ctid:1823","Nacional","","9 Abrangência"
"Grupo 11 - Pobres - Misto - DIreita - 25-11-2024.docx","Ingrid","P1: Um termo bom... Você falou que dinheiro não compra saúde. A minha mãe, ela operou recentemente, assim, tem mais ou menos uns 5 anos atrás que a minha mãe operou. O que aconteceu com ela? A minha mãe saiu do Rio, fomos a São Paulo para fazer a cirurgia dela. Não passamos pelo hospital público direto, nós passamos pelo particular e do particular ela foi encaminhada para o público. A minha mãe fez uma cirurgia de quase 100 mil reais de graça. Por que? Pelo público.","ctid:1825","Nacional","","9 Abrangência"
"Grupo 11 - Pobres - Misto - DIreita - 25-11-2024.docx","Ingrid","P1: O nosso país, infelizmente, não é um país que te deixa rico. É um país que você trabalha para as pessoas e quem fica rico é o dono da empresa.","ctid:1828","Nacional","","9 Abrangência"
"Grupo 11 - Pobres - Misto - DIreita - 25-11-2024.docx","Ingrid","M: Esses ricos, então, que a gente vê na sociedade brasileira, vocês acham que eles… Então, duas coisas: ou eles empreenderam ou nasceram ricos?  P1: Ou não.  P4: Uns sim. Outros não.  P8: Ou roubaram!  P6: Depende. Acho que uma grande maioria.  P4: É dividido.","ctid:1829","Nacional","","9 Abrangência"
"Grupo 11 - Pobres - Misto - DIreita - 25-11-2024.docx","Ingrid","P5: Vamos botar o restaurante. Eu acho que o atendimento do Rio de Janeiro perde para São Paulo. Você chega num lugar… O garçom lá é mais cordial do que aqui... //","ctid:1835","Nacional","","9 Abrangência"
"Grupo 11 - Pobres - Misto - DIreita - 25-11-2024.docx","Ingrid","P3: Ah, por esse lado todo o Sul é diferente de todo o Brasil. É um patamar mais elevado, um tratamento mais elevado, são pessoas mais elevadas. Não em questão social, mas em questão de tratamento, de você ser mais cordial. Saber lidar com pessoas. O Sul é totalmente diferente de qualquer região do Brasil.","ctid:1836","Nacional","","9 Abrangência"
"Grupo 11 - Pobres - Misto - DIreita - 25-11-2024.docx","Ingrid","P3: Não, completando o que ele falou… A MPB foi criada por rico, foi criada na Zona Sul... //","ctid:1858","Nacional","","9 Abrangência"
"Grupo 11 - Pobres - Misto - DIreita - 25-11-2024.docx","Ingrid","P1: Eu gosto da MPB. Eu gosto!","ctid:1857","Nacional","","9 Abrangência"
"Grupo 11 - Pobres - Misto - DIreita - 25-11-2024.docx","Ingrid","P3: // Não, a MPB é maravilhoso! Só o que eu tô falando é que foi criado por rico, voltado para o rico...","ctid:1859","Nacional","","9 Abrangência"
"Grupo 11 - Pobres - Misto - DIreita - 25-11-2024.docx","Ingrid","P2: São pessoas que tiveram, talvez, a oportunidade. Você pode ver o cenário musical, tipo Anitta, Ludmilla, elas são emergentes. Elas eram pobres e com devidas oportunidades... // ","ctid:1875","Nacional","","9 Abrangência"
"Grupo 11 - Pobres - Misto - DIreita - 25-11-2024.docx","Ingrid","P1: Jojo Toddynho.","ctid:1876","Nacional","","9 Abrangência"
"Grupo 11 - Pobres - Misto - DIreita - 25-11-2024.docx","Ingrid","P4: É diferente de um Roberto Carlos e uma Anitta, que nasceu ali… //","ctid:1880","Nacional","","9 Abrangência"
"Grupo 11 - Pobres - Misto - DIreita - 25-11-2024.docx","Ingrid","P1: Tem demais, tem muito!","ctid:1902","Nacional","","9 Abrangência"
"Grupo 11 - Pobres - Misto - DIreita - 25-11-2024.docx","Ingrid","P3: A desigualdade tá escrachada no Brasil e no Rio de Janeiro. Não dá para... //","ctid:1908","Nacional","","9 Abrangência"
"Grupo 11 - Pobres - Misto - DIreita - 25-11-2024.docx","Ingrid","P8: Aí você vê que o salário mínimo lá no Sul é mais alto do que aqui. O salário mínimo!","ctid:1910","Nacional","","9 Abrangência"
"Grupo 11 - Pobres - Misto - DIreita - 25-11-2024.docx","Ingrid","P1: Em Brasília também é mais alto. Policial ganha mais do que aqui. Ganha mais de sete mil.","ctid:1911","Nacional","","9 Abrangência"
"Grupo 11 - Pobres - Misto - DIreita - 25-11-2024.docx","Ingrid","P8: O Brasil é o tipo “B”.","ctid:1912","Nacional","","9 Abrangência"
"Grupo 11 - Pobres - Misto - DIreita - 25-11-2024.docx","Ingrid","P3: Então gente, vocês [inc.] ao Rio de Janeiro ou ao Brasil isso aqui?","ctid:1913","Nacional","","9 Abrangência"
"Grupo 11 - Pobres - Misto - DIreita - 25-11-2024.docx","Ingrid","P3: Vocês já foram no Nordeste?","ctid:1914","Nacional","","9 Abrangência"
"Grupo 11 - Pobres - Misto - DIreita - 25-11-2024.docx","Ingrid","P3: Vocês já viram a quantidade de moradores de rua, de pessoas que não tem uma casa em si, que vivem comendo restos? “Restos” que eu digo é muito pouco, não tô dizendo comer do resto da pessoa. Então, eu penso “B” até o fim. Não apenas como moradores de rua, como pessoas abaixo da miséria, pessoas na base da miséria...","ctid:1915","Nacional","","9 Abrangência"
"Grupo 11 - Pobres - Misto - DIreita - 25-11-2024.docx","Ingrid","P8: É a “D”.","ctid:1917","Nacional","","9 Abrangência"
"Grupo 11 - Pobres - Misto - DIreita - 25-11-2024.docx","Ingrid","P5: // [inc.] Nunca a gente vai ter um governo que… Governe de verdade.","ctid:1918","Nacional","","9 Abrangência"
"Grupo 11 - Pobres - Misto - DIreita - 25-11-2024.docx","Ingrid","P1: Vê a África, gente. Tira o papel da África e da Índia.","ctid:1920","Nacional","","9 Abrangência"
"Grupo 11 - Pobres - Misto - DIreita - 25-11-2024.docx","Ingrid","P8: Não, tem muito vagabundo no Brasil. ","ctid:1926","Nacional","","9 Abrangência"
"Grupo 11 - Pobres - Misto - DIreita - 25-11-2024.docx","Ingrid","P8: Não. Vagabundo… Vagabundo. Ó, o povo rouba… Todo mundo fez o “L”! Vai ver o preço da carne! Picanha! Cervejinha! “Ah, pode roubar celular pra tomar uma cerveja.” Onde que um presidente vai falar isso, gente? Todo mundo, né, metendo o telefone. Ah, pelo amor de Deus.","ctid:1927","Nacional","","9 Abrangência"
"Grupo 11 - Pobres - Misto - DIreita - 25-11-2024.docx","Ingrid"," P6: // Ficou sabendo da… Dessa esmeralda? Vai ser devolvida pro Brasil.","ctid:1928","Nacional","","9 Abrangência"
"Grupo 11 - Pobres - Misto - DIreita - 25-11-2024.docx","Ingrid","P1: Da Amazônia, não foi? ","ctid:1929","Nacional","","9 Abrangência"
"Grupo 11 - Pobres - Misto - DIreita - 25-11-2024.docx","Ingrid","P6: // A esmeralda da Bahia. Ela é do Brasil, ela foi roubada faz mais de 10 anos, aí há 9 anos que estão lutando na justiça para repor ela, reter ela, é… //","ctid:1930","Nacional","","9 Abrangência"
"Grupo 11 - Pobres - Misto - DIreita - 25-11-2024.docx","Ingrid","P5: Não sou a favor, porque eu acho que economicamente é aquilo: se você é mais rico, você continua morando no Brasil porque você gosta, mas você… Um banco… Fora.","ctid:1932","Nacional","","9 Abrangência"
"Grupo 6 - Classe Média - Misto - 05-11-2024.docx","Ingrid","P3: Eu acho interessante essa visão que a gente... A cultura brasileira tem. Porque a gente tem uma carga religiosa, espiritualista forte também, que desenvolve essas visões. E também porque aqui é muito estratificado, você tem a classe baixa, você tem vários níveis na classe baixa. Você tem a classe média, você tem vários níveis na classe média... //","ctid:1677","Nacional","","9 Abrangência"
"Grupo 6 - Classe Média - Misto - 05-11-2024.docx","Ingrid","P8: Existe o acumulador de recursos, que para mim eu não considero um rico, mas também existe aquela pessoa que... Eu participo de um grupo, em um aplicativo chamado CouchSurfing, não sei se alguém já ouviu falar.   M: De hospedagem?  P8: De hospedagem. Então, assim, eu tenho recursos para poder alugar um hotel, para poder alugar um hostel, mas eu prefiro utilizar uma plataforma para poder conhecer pessoas, né? E eu vejo que quando... Nunca... Pouco eu utilizo hotel ou hostel, eu prefiro utilizar a plataforma. E todas as vezes... Eu encontro pessoas de todos os níveis. Pessoas que não têm nada, que só podem me oferecer um colchão, uma sala. Pessoas que têm um sofá, pessoas que têm um quarto. Eu já fiquei numa casa de um senhor, em Vitória, que a casa dele... A sala dele era 4 casas minha. Para você ter ideia, eu fiquei tipo assim: “Então tá”. E eu vejo a questão da divisão, você conseguir... No meu olhar, são pessoas ricas, são essas pessoas que conseguem dividir o que têm com outras pessoas, entendeu? Você dá acesso, você dá oportunidade para outras pessoas. Assim, essa é a minha visão nesse meu mundo do aplicativo. Mas a gente pode pegar esse exemplo e jogar para outros lugares, né? Para a questão de assistência social, para a questão... Das questões trabalhistas também, enfim, N coisas. ","ctid:1680","Nacional","","9 Abrangência"
"Grupo 6 - Classe Média - Misto - 05-11-2024.docx","Ingrid","P2: Deixa eu explicar... Na minha experiência, eu faço evento para pessoas muito ricas e raramente ou nunca... Às vezes tem 3 mil pessoas ou mais e eu não vejo pessoas da minha cor, primeira coisa. E são muito elitistas, são empresas e empresários mundiais, de todos os lugares do mundo e realmente existe esse acúmulo que você falou, da grande maioria acumulando, subiu e tem uma classe que fica lá e que não vai subir. E que vai ficar ali... //  P1: Paralisado.   P2: // Paralisado. E o Brasil tem essa característica também. ","ctid:1682","Nacional","","9 Abrangência"
"Grupo 6 - Classe Média - Misto - 05-11-2024.docx","Ingrid","P3: Mas você está falando, assim, da grande maioria dessa classe. Mas o que a gente está falando é que essa classe dentro do Brasil é minoria. ","ctid:1684","Nacional","","9 Abrangência"
"Grupo 6 - Classe Média - Misto - 05-11-2024.docx","Ingrid","P4: Eu acho que a gente tem que ser egoísta em determinados momentos, no sentido de acumular riqueza. Um exemplo que eu tive recente: eu pude passar, literalmente, de frente à Cracolândia em São Paulo. E aquilo me gerou um pensamento do tipo: “Por que aquelas pessoas estão ajudando aquelas pessoas que estão ali?”. Por que elas querem? Acho legal, bacana. Mas ao mesmo tempo me fez refletir. Quanto mais a gente ajuda aquelas pessoas que estão ali, mais elas vão continuar ali naquele local... // ","ctid:1685","Nacional","","9 Abrangência"
"Grupo 6 - Classe Média - Misto - 05-11-2024.docx","Ingrid","P3: Mas quem é rico vai para a rede Star, minha filha. E é bem tratado sim. Vai para a rede Star.","ctid:1700","Nacional","Ingrid 16/01:
Eu não conheço a rede Star, então não tenho certeza se é local ou nacional, mais achei mais provavel ser nacional. ","9 Abrangência"
"Grupo 6 - Classe Média - Misto - 05-11-2024.docx","Ingrid","P6: É que a gente não investe no paciente, eu trabalho no SUS e eu trato todo mundo bem, mesmo sendo do SUS. Mas a gente não investe pelo paciente ser branco ou ser negro ou por ele ter dinheiro ou não, por ele ser do crime ou não, a gente recebe muito... Então a gente investe em todos os pacientes... //","ctid:1714","Nacional","","9 Abrangência"
"Grupo 6 - Classe Média - Misto - 05-11-2024.docx","Ingrid","P3: Eu vejo a dualidade no meu dia a dia. Eu moro na Tijuca. É Vila Isabel - Tijuca. Você já tem... Não é Ipanema. Você já tem uma dualidade ali. Quando me dirijo até o meu trabalho, eu vou para Copacabana, eu vou para o Hilton, eu vou para o Sheraton, eu vou para todos os hotéis da Barra, inclusive para o [inc.].  E a gente planeja o evento e executa lá, montagem e execução. Então, assim, a gente lida diretamente com essa diferença e é gritante. O Rio de Janeiro, ele é a expressão da desigualdade, desculpa. E já fui pra São Paulo, já fui para BH, não conheço muito o Brasil, mas pelo que eu conheço e pelo que eu vejo, a desigualdade é muito grande aqui. ","ctid:1717","Nacional","","9 Abrangência"
"Grupo 6 - Classe Média - Misto - 05-11-2024.docx","Ingrid","P5: É isso que eu ia falar. Porque eu sou de São Paulo capital, então aqui no Rio de Janeiro a pobreza e a riqueza elas se esfregam uma com a outra, elas se misturam muito. Em São Paulo é planejado para as favelas estarem absurdamente distantes. Então você não vê favela lá em São Paulo, na capital. Então aqui as coisas se misturam mais. Aqui é mais recortado, aqui é mais retalhado. Então você está andando na Zona Sul, que é uma área elitizada, e pum! você se depara com uma favela. ","ctid:1719","Nacional","","9 Abrangência"
"Grupo 6 - Classe Média - Misto - 05-11-2024.docx","Ingrid","P3: Rico no Brasil não anda de metrô não, gente, me desculpa. ","ctid:1731","Nacional","","9 Abrangência"
"Grupo 6 - Classe Média - Misto - 05-11-2024.docx","Ingrid","P3: Então, assim, o que eu vejo que tá na base... Que eu votei ali no “A”, né? Que são os afro-indígenas descendentes, que são os mestiços, porque o Brasil é na maioria mestiço, não existe isso de afro, não. Porque tem o indígena, tem o afro, e tem... São os mestiços, afrodescendentes e indígenas também. E o que está no topo é o que sempre foi rico, que nasceu rico, que são os herdeiros mesmo, que vem desde lá das capitanias hereditárias, aí você tem ou outro que acende pelo meio cultural, pelo meio financeiro, mas a base do topo é o que já nasceu rico. E que historicamente é branco devido a todo o histórico brasileiro. ","ctid:1749","Nacional","","9 Abrangência"
"Grupo 6 - Classe Média - Misto - 05-11-2024.docx","Ingrid","P3: Mas com a mentalidade escravocrata do brasileiro isso não existe. É questão de mentalidade.","ctid:1750","Nacional","","9 Abrangência"
"Grupo 6 - Classe Média - Misto - 05-11-2024.docx","Ingrid","P4: Eu acho que isso é muito importante, porque eu penso em política diretamente e é nítido que, tipo, eu não vou me recordar o nome do prefeito, mas eu acho que é o prefeito de Recife, é um bem novinho, muito moderninho e tal. E ele faz uma coisa lá que é muito interessante. Hoje a gente tem um sistema de... Não existe muito o costume de conhecer a sua população, de usar os dados a favor da sua população. Eu acho que o que falta é isso: os prefeitos, os vereadores, presidência, toda essa rede de políticos se unirem e pensarem em fazer essa distribuição e conhecer a sua população. Então, assim, acho que cabe a gente cobrar isso deles também, mas eles também precisam fazer a parte deles de conhecer a população. Para, ao invés da população ir atrás de buscar a saúde, a educação, eles já fornecerem isso para a gente porque a gente tem dados disponíveis através da internet, onde a gente pode conhecer, uma simples criação de aplicativo onde você vai cadastrar toda a sua população, que inclusive esse prefeito faz isso. Ele cadastrou toda a população dele em um aplicativo e todo mundo recebe SMS e todo mundo sabe o dia de ir se vacinar. A mãe que teve aquela criança ela simplesmente... “Olha, seu filho precisa se vacinar em tal data”. E ela já vai saber o dia que ela tem que ir lá porque já está tudo agendado naquele aplicativo. É muito importante ter políticas públicas nesse sentido. Mas infelizmente a população não sabe cobrar porque também não sabe votar. Então, infelizmente, se não sabe votar, não vai conseguir cobrar. ","ctid:1753","Nacional","","9 Abrangência"
"Grupo 6 - Classe Média - Misto - 05-11-2024.docx","Ingrid","P8: Essa situação do aplicativo reflete um pouco o que o Gov já faz. Porque o Gov já está controlando a nossa vida. Toda a nossa vida está ali dentro já. Qualquer coisa que eu vou, está atrelado ali. ","ctid:1755","Nacional","","9 Abrangência"
"Grupo 6 - Classe Média - Misto - 05-11-2024.docx","Ingrid","P2: Eu acho que seria favorável porque, vamos lá, como a minha mente vai aqui e vai fora. Em outros países, isso é convertido para a sociedade. Então, seria nesse sentido, nessa ideia, que eles fariam isso. No caso do Brasil, já não se tem tanta certeza ou certeza nenhuma que isso seria convertido para a educação, para a melhoria da... // ","ctid:1760","Nacional","","9 Abrangência"
"Grupo 6 - Classe Média - Misto - 05-11-2024.docx","Ingrid","P5: E aí pensando em uma realidade fora do Sudeste, tem pessoas que não têm acesso à água.","ctid:1763","Nacional","","9 Abrangência"
"Grupo 6 - Classe Média - Misto - 05-11-2024.docx","Ingrid","P2: // Ele já vai pagar o IPTU e as taxas anuais que o governo pede. Mas ele vai ter que pagar um milhão de outras taxas para adquirir a casa que já é dele, que a mãe dele se esforçou para ter.  ","ctid:1764","Nacional","","9 Abrangência"
"Grupo 6 - Classe Média - Misto - 05-11-2024.docx","Ingrid","P5: Sim, exatamente. Porque... Eu também questiono para onde vai esse dinheiro. Para quem? Porque não tem uma reversão dos impostos no Brasil para a sociedade de uma forma mais qualitativa. //","ctid:1766","Nacional","","9 Abrangência"
"Grupo 6 - Classe Média - Misto - 05-11-2024.docx","Ingrid","P8: // O modo é ser liberal. Acho que o liberalismo aqui no Brasil não vai acontecer, não tem como acontecer. Ser livre de taxas, livre de impostos, enfim, mas a questão da diminuição sim, para todas as linhas de questão de classe, porque quem sofre é quem está no meio. A pessoa que está lá em cima tem N... Tem a questão do acesso ao conhecimento, a pessoa entende melhor como burlar. Aquela pessoa do meio é que vai tá pagando mais. Essa é a minha perspectiva. Essa é a realidade.  ","ctid:1768","Nacional","","9 Abrangência"
"Grupo 6 - Classe Média - Misto - 05-11-2024.docx","Ingrid","P8: Mas a nossa cultura não é honesta.  M: Então você não acredita em uma redistribuição via uma pessoa rica filantropa? Você acha que isso não existe no Brasil?  P8: Existe. Existe, só que é uma questão cultural. São questões pontuais. Existe sim a pessoa que tem a boa intenção em todos os níveis, do mais baixo ao mais alto. Porém, muitas pessoas utilizam isso como um meio para burlar. E não estão fazendo crime... ","ctid:1769","Nacional","","9 Abrangência"
"Grupo 6 - Classe Média - Misto - 05-11-2024.docx","Ingrid","P5: O caminho é uma boa educação, porque infelizmente nosso país presa muito por faculdades boas e públicas. Se for um jovem negro de favela, para ele poder entrar numa faculdade pública, ele não vai poder trabalhar. Então como ele vai fazer? Porque ele tem que estudar para passar num curso X. E aí, como que ele vai fazer? Tá, ele vai ter que trabalhar e passar numa faculdade particular, passar por uma exaustão mental e tudo mais. OK, ele conseguiu se formar. Na hora da entrevista, vão preferir ele ou o cara que fez intercâmbio, que se formou em uma faculdade pública, que o pai e mãe sustentaram durante toda a graduação. Tá, ele se formou, ele conseguiu um passo, mas ele vai lidar sempre com dificuldades. Então é importante entender quem é esse jovem. ","ctid:1771","Nacional","","9 Abrangência"
"Grupo 6 - Classe Média - Misto - 05-11-2024.docx","Ingrid"," P2: Eu fui como ele, atravessando as coisas sem entender, e depois eu já fui como você. Despertei e consegui enxergar o tanto que eu passei que uma pessoa de uma outra cor não passaria. Você falou sobre o Brasil. O Brasil tem 52%, esse é o PIB nacional, tá? 52% de negros. Depois da África, é o país que mais tem negros.  ","ctid:1777","Nacional","","9 Abrangência"
"Grupo 11 - Pobres - Misto - DIreita - 25-11-2024.docx","Ingrid","P1: É porque a gente já é de colonização, né. A gente já… Vem de berço, infelizmente. Colônia.","ctid:1925","Passado","","9 Abrangência"
"Grupo 11 - Pobres - Misto - DIreita - 25-11-2024.docx","Ingrid","P3: Ah, por esse lado todo o Sul é diferente de todo o Brasil. É um patamar mais elevado, um tratamento mais elevado, são pessoas mais elevadas. Não em questão social, mas em questão de tratamento, de você ser mais cordial. Saber lidar com pessoas. O Sul é totalmente diferente de qualquer região do Brasil.","ctid:1852","Pressuposto/suposição","","8 Referências"
"Grupo 11 - Pobres - Misto - DIreita - 25-11-2024.docx","Ingrid","P2: Mas aí eu acho que não tem nada a ver com riqueza essa questão de tratamento e atendimento. Eu trabalho em eventos e para gente da sociedade e tal, pontos bem localizados, e todos eles são tratados da mesma forma, entendeu? Eu acho que a questão de tratar um cliente de maneira diferente, por achar que ele tem um poder de compra maior, é um erro de quem tá fazendo. Do atendente. Não é do cara rico. O cara rico, ele vai chegar… Muitas das vezes ele vai te dar um bom dia ou não vai como um cara pobre, né. Isso aí já é a educação dele, entendeu? Acho que não é…","ctid:1851","Pressuposto/suposição","","8 Referências"
"Grupo 11 - Pobres - Misto - DIreita - 25-11-2024.docx","Ingrid","P2: Ah, mas aí eu não tô dizendo da favela. Rico não vai morar na favela. Ele mora até próximo a uma favela, mas… //","ctid:1850","Pressuposto/suposição","","8 Referências"
"Grupo 11 - Pobres - Misto - DIreita - 25-11-2024.docx","Ingrid","P3: // Então, ele não vai morar na favela, mas ele vai subir o morro para interagir. Vai subir o morro para comprar a droga dele, vai subir ao morro para pagar propina, então…","ctid:1849","Pressuposto/suposição","","8 Referências"
"Grupo 11 - Pobres - Misto - DIreita - 25-11-2024.docx","Ingrid","P8: É, porque você não… Até tem rico em São João, mas tipo assim, tem, sei lá, 50. Na Zona Sul tem várias pessoas, né? Então você não vai achar um cara podre de rico morando na frente da estação lá do trem, sabe?","ctid:1854","Pressuposto/suposição","","8 Referências"
"Grupo 11 - Pobres - Misto - DIreita - 25-11-2024.docx","Ingrid","P2: Mas então… Mas dentro do cenário dos ricos, eles não são tipo… Uma família tradicional da Zona Sul não vê o pessoal da Barra como rico. [inc.] //","ctid:1879","Pressuposto/suposição","","8 Referências"
"Grupo 11 - Pobres - Misto - DIreita - 25-11-2024.docx","Ingrid","P3: Rico-rico gosta de cultura. Rico emergente gosta de baile funk, gosta de... //","ctid:1888","Pressuposto/suposição","","8 Referências"
"Grupo 11 - Pobres - Misto - DIreita - 25-11-2024.docx","Ingrid","P3: // Não, não depende não. Isso é regra. É regra.","ctid:1889","Pressuposto/suposição","","8 Referências"
"Grupo 11 - Pobres - Misto - DIreita - 25-11-2024.docx","Ingrid","P7: // É! Elas se deslocam daqui, da Zona Sul, vai pra a comunidade pra poder usar droga e ficar com traficante, tá.","ctid:1894","Pressuposto/suposição","","8 Referências"
"Grupo 11 - Pobres - Misto - DIreita - 25-11-2024.docx","Ingrid","P6: Não, o rico curte baile porque ele quer curtir algo que não sabe o que é...","ctid:1897","Pressuposto/suposição","","8 Referências"
"Grupo 11 - Pobres - Misto - DIreita - 25-11-2024.docx","Ingrid","P1: Depende! Italiano fala alto e grita. [Risos]. Ele é escandaloso, italiano é bravo.","ctid:1899","Pressuposto/suposição","","8 Referências"
"Grupo 6 - Classe Média - Misto - 05-11-2024.docx","Ingrid","P3: Mas quem é rico vai para a rede Star, minha filha. E é bem tratado sim. Vai para a rede Star.","ctid:1698","Pressuposto/suposição","","8 Referências"
"Grupo 6 - Classe Média - Misto - 05-11-2024.docx","Ingrid","P5: Jardim Oceânico é gente herdeira...","ctid:1729","Pressuposto/suposição","","8 Referências"
"Grupo 6 - Classe Média - Misto - 05-11-2024.docx","Ingrid","P3: Rico no Brasil não anda de metrô não, gente, me desculpa.","ctid:1730","Pressuposto/suposição","","8 Referências"
"Grupo 6 - Classe Média - Misto - 05-11-2024.docx","Ingrid","P4: // Eu quero ter o meu estilo para poder fazer o que eu quiser. Tipo... Acordei hoje e não vou trabalhar. Não vou trabalhar porque eu não preciso. Mas eu sei que para ser rico em algum momento vou ter que trabalhar muito porque dinheiro infelizmente traz isso. Requer que a gente trabalhe muito. Acho que todo mundo de certa forma pensa dessa forma. Ah, “Quem tem dinheiro não trabalha”. Muito pelo contrário. Quem tem dinheiro são as pessoas que mais trabalham. É como ele falou: tinha muito dinheiro e não tinha tempo para aproveitar. E talvez aquela pessoa que tem ali um salário mínimo curte mais do que aquela pessoa que ganha muito.","ctid:1741","Pressuposto/suposição","","8 Referências"
"Grupo 6 - Classe Média - Misto - 05-11-2024.docx","Ingrid","P5: Porque se beneficiam muito de certas pautas para lucrar. Mas se você ver internamente dentro da corporação isso não acontece de fato. É só para gerar uma imagem positiva para lucrar em cima disso, mas na prática não é tão efetivo. Não tem uma intenção genuína. ","ctid:1758","Pressuposto/suposição","","8 Referências"
"Grupo 6 - Classe Média - Misto - 05-11-2024.docx","Ingrid","P2: Eu acho que seria favorável porque, vamos lá, como a minha mente vai aqui e vai fora. Em outros países, isso é convertido para a sociedade. Então, seria nesse sentido, nessa ideia, que eles fariam isso. No caso do Brasil, já não se tem tanta certeza ou certeza nenhuma que isso seria convertido para a educação, para a melhoria da... // ","ctid:1761","Pressuposto/suposição","","8 Referências"
"Grupo 11 - Pobres - Misto - DIreita - 25-11-2024.docx","Ingrid","P6: Que ou nasceu ou conquistou sozinho. Alguns conquistaram sozinhos, alguns que nasceram e já herdaram, ou tiveram sorte, ou que nem ele falou, roubaram. [inc.] Meu avô… Meu avô ganhou não sei quantos terrenos lá no Rio Grande do Sul por conta disso. Porque… Invadiu, botou os caras para tomar conta e… Começou a vender. E aí foi criando, criando, criando… É assim. Às vezes você pode crescer, mas às vezes não é pelo motivo certo.","ctid:1830","Terceiros","","8 Referências"
"Grupo 11 - Pobres - Misto - DIreita - 25-11-2024.docx","Ingrid","P5: Dos 10, os mais velhos conseguiram uma estabilidade financeira melhor. Então, é… O meu pai trabalhava com meu tio em uma empresa X. É, sei lá… 20 anos se passaram e ele abriu a empresa dele. Então, assim, o irmão mais novo dele já não teve o mesmo sucesso, não correu tanto atrás. A maioria de 10, alguns… A maioria foi CLT. Outros foram… Como é que chama… Funcionário público, né? E aí tiveram uma estabilidade melhor. Mas, assim, de 10, vamos dizer ali que 5, metade, deu certo. Deu certo ali aos trancos e barrancos, mas deu certo.","ctid:1831","Terceiros","","8 Referências"
"Grupo 11 - Pobres - Misto - DIreita - 25-11-2024.docx","Ingrid"," P5: [inc.] Eu era cliente dela. Ela fazia bolo, né, para fora. Ela trabalha, sei lá, acho que na Marinha, ganhava um salário bom, mas ela morava em uma comunidade. A filha dela é médica e a outra virou dentista.","ctid:1947","Terceiros","","8 Referências"
"Grupo 6 - Classe Média - Misto - 05-11-2024.docx","Ingrid","P3: Eu não só acho isso. Eu já conheci uma pessoa rica mesmo que tinha barco, que tinha tudo e de repente a pessoa perdeu tudo e estava com um carro [inc.], que nem tinha chão, sem brincadeira, um bugre. Era isso. A pessoa foi milionária. A pessoa dormiu na minha casa um dia, que era amiga do meu tio, de infância. Então, sim, existe.  ","ctid:1675","Terceiros","","8 Referências"
"Grupo 6 - Classe Média - Misto - 05-11-2024.docx","Ingrid","P3: Olha só, interessante o que vocês estão falando, porque eu conheço pessoas que são ricas, ricas mesmo. Herdeiras, ricas, assim, por exemplo, aqui no Rio de Janeiro, quem a gente pode dizer que é rica? Quem mora na Dias Ferreira, que tem apartamento milionário. Eu conheço pessoas que quando estão no Rio de Janeiro, eu vou para lá, eu janto, eu almoço. E essas pessoas adquiriram isso através de trabalho. Foram pessoas que saíram do zero? Não. Tiveram pai e mãe que pagaram medicina, que pagaram o que dá acesso. Mas elas não eram ricas como são hoje. Elas não moravam em lugares... Não moravam em casas, apartamentos milionários como moram hoje, mas elas tiveram o mínimo de acesso. Coisa que eu não tive. Então eu conheço essas pessoas e conheço também pessoas herdeiras, então, assim, são múltiplas maneiras, não é só uma. ","ctid:1693","Terceiros","","8 Referências"
"Grupo 6 - Classe Média - Misto - 05-11-2024.docx","Ingrid","P8: Esse movimento eu vejo muito com muitas pessoas da Zona Sul. Herdou, só que não conseguiu se manter, não se qualificou, e perdeu tudo. E aí começa a migrar para outros lugares. A pessoa que teve downgrade. A pessoa que saiu da Zona Sul. A Barra para mim é um bairro “novo”, entre aspas, porque... Copacabana é, sei lá, desde que Rio de Janeiro é Rio de Janeiro. //","ctid:1735","Terceiros","","8 Referências"
